File,Function,LOC,SLOC-P,SLOC-L,MVG,BLOC,C&SLOC,CLOC,CWORD
C:\UPOEngine\Src\UAssetConv\main.cpp,"main(int argc, const char** argv)",4,2,2,0,2,0,0,0,
C:\UPOEngine\Src\UPOEd\main.cpp,"main(int argc, char *argv[])",42,26,19,2,12,1,4,5,
C:\UPOEngine\Src\UPOEd\UAssetBrowser.cpp,AssetBrowserDW::AssetBrowserDW(QWidget* parent ),4,4,4,0,0,0,0,0,
C:\UPOEngine\Src\UPOEd\UAssetBrowser.cpp,AssetBrowserDW::Tick(),2,2,2,0,0,0,0,0,
C:\UPOEngine\Src\UPOEd\UAssetBrowser.cpp,AssetBrowserWidget::AssetBrowserWidget(QWidget* parent ),27,17,17,0,10,0,0,0,
C:\UPOEngine\Src\UPOEd\UAssetBrowser.cpp,AssetBrowserWidget::InitActions(),32,27,19,5,4,0,1,4,
C:\UPOEngine\Src\UPOEd\UAssetBrowser.cpp,AssetBrowserWidget::FillList(const QString& filter),15,13,9,2,2,0,0,0,
C:\UPOEngine\Src\UPOEd\UAssetBrowser.cpp,AssetBrowserWidget::Tick(),2,1,1,0,1,0,0,0,
C:\UPOEngine\Src\UPOEd\UAssetBrowser.cpp,AssetBrowserWidget::EVContextMenuRequested(const QPoint& point),40,27,23,1,13,0,0,0,
C:\UPOEngine\Src\UPOEd\UAssetBrowser.cpp,AssetBrowserWidget::OpenAsset(QListWidgetItem* item),11,10,6,1,1,0,0,0,
C:\UPOEngine\Src\UPOEd\UAssetBrowser.cpp,AssetBrowserWidget::DeleteAsset(QListWidgetItem* item),6,4,4,0,2,0,0,0,
C:\UPOEngine\Src\UPOEd\UAssetBrowser.cpp,AssetBrowserWidget::GetUniqueAssetName(ClassInfo* assetClass) const,11,11,7,4,0,0,0,0,
C:\UPOEngine\Src\UPOEd\UAssetBrowser.cpp,"AssetBrowserItem::AssetBrowserItem(AssetEntry* asset, QListWidget* list)",8,6,6,0,2,0,0,0,
C:\UPOEngine\Src\UPOEd\UAssetViewer.cpp,AssetViewer::AssetViewer(QWidget* parent ),13,11,10,1,2,0,0,0,
C:\UPOEngine\Src\UPOEd\UAssetViewer.cpp,AssetViewer::OpenAsset(AssetEntry* assetEntry),21,19,13,2,2,0,0,0,
C:\UPOEngine\Src\UPOEd\UAssetViewer.cpp,"AssetViewer::MakeCorrespondingView(Asset* asset, QWidget* parentWidget)",2,2,2,1,0,0,0,0,
C:\UPOEngine\Src\UPOEd\UAssetViewer.cpp,AssetViewer_Default::Tick(),2,2,2,0,0,0,0,0,
C:\UPOEngine\Src\UPOEd\UAssetViewer.cpp,AssetViewer_Default::AttachAsset(Asset* asset),8,4,4,0,4,0,0,0,
C:\UPOEngine\Src\UPOEd\UAssetViewer.cpp,AssetViewer_Default::closeEvent(QCloseEvent *event),6,4,4,0,2,0,0,0,
C:\UPOEngine\Src\UPOEd\UClassViewer.cpp,ClassViewerWindow::EVSearchTextChanged(const QString&),2,2,2,0,0,0,0,0,
C:\UPOEngine\Src\UPOEd\UClassViewer.cpp,"ClassViewerWindow::EVClassTreeItemEntered(QTreeWidgetItem *item, int column)",2,1,1,0,1,0,0,0,
C:\UPOEngine\Src\UPOEd\UClassViewer.cpp,ClassViewerWindow::EVClassTreeContextMenu(const QPoint& point),5,4,2,1,1,0,0,0,
C:\UPOEngine\Src\UPOEd\UColorSelectionDialog.cpp,ColorSelectionDialog::OpenNow(QColor color),18,18,14,2,0,0,0,0,
C:\UPOEngine\Src\UPOEd\UCommon.cpp,"SearchCheck(const QString& string, const QString& searchString)",11,9,6,5,2,0,0,0,
C:\UPOEngine\Src\UPOEd\UCommon.cpp,GetPropertyName(const PropertyInfo& prp),4,4,4,2,0,0,0,0,
C:\UPOEngine\Src\UPOEd\UCommon.cpp,ToColor(QColor c),2,2,2,1,0,0,0,0,
C:\UPOEngine\Src\UPOEd\UCommon.cpp,ToColor32(QColor c),2,2,2,1,0,0,0,0,
C:\UPOEngine\Src\UPOEd\UCommon.cpp,ToQColor(const Color& c),3,3,3,1,0,0,0,0,
C:\UPOEngine\Src\UPOEd\UCommon.cpp,ToQColor(Color32 c),2,2,2,1,0,0,0,0,
C:\UPOEngine\Src\UPOEd\UCommon.cpp,ToQString(const String& str),3,3,3,2,0,0,0,0,
C:\UPOEngine\Src\UPOEd\UCommon.cpp,ToQString(Name name),3,3,3,2,0,0,0,0,
C:\UPOEngine\Src\UPOEd\UCommon.cpp,ToString(const QString& str),2,2,2,1,0,0,0,0,
C:\UPOEngine\Src\UPOEd\UCommon.cpp,ToName(const QString& str),2,2,2,1,0,0,0,0,
C:\UPOEngine\Src\UPOEd\UD3DRenderWidget.cpp,D3DRenderWidget::D3DRenderWidget(QWidget* parent ),4,4,4,0,0,0,0,0,
C:\UPOEngine\Src\UPOEd\UD3DRenderWidget.cpp,D3DRenderWidget::~D3DRenderWidget(),2,1,1,0,1,0,0,0,
C:\UPOEngine\Src\UPOEd\UD3DRenderWidget.cpp,D3DRenderWidget::resizeEvent(QResizeEvent* evt),3,3,3,0,0,0,0,0,
C:\UPOEngine\Src\UPOEd\UD3DRenderWidget.cpp,D3DRenderWidget::paintEvent(QPaintEvent* evt),2,2,2,0,0,0,0,0,
C:\UPOEngine\Src\UPOEd\UD3DRenderWidget.cpp,D3DRenderWidget::CreateDevice(),24,9,9,1,4,0,11,33,
C:\UPOEngine\Src\UPOEd\UD3DRenderWidget.cpp,D3DRenderWidget::Render(),2,1,1,0,1,0,0,0,
C:\UPOEngine\Src\UPOEd\UEditorConfig.cpp,EditorConfig::EditorConfig(),4,3,3,0,1,0,0,0,
C:\UPOEngine\Src\UPOEd\UEditorConfig.cpp,EditorConfig::Get(),4,3,3,1,1,0,0,0,
C:\UPOEngine\Src\UPOEd\UEntityBrowser.cpp,EntityBrowserDW::EntityBrowserDW(QWidget* parent),4,4,4,0,0,0,0,0,
C:\UPOEngine\Src\UPOEd\ULogWindow.cpp,LogDW::LogDW(QWidget* parent),12,8,8,0,4,1,0,6,
C:\UPOEngine\Src\UPOEd\ULogWindow.cpp,LogDW::~LogDW(),2,2,2,0,0,0,0,0,
C:\UPOEngine\Src\UPOEd\ULogWindow.cpp,LogDW::Tick(),2,1,1,0,1,0,0,0,
C:\UPOEngine\Src\UPOEd\ULogWindow.cpp,LogDW::LogReceived(const LogEntry& newEntry),2,2,2,0,0,0,0,0,
C:\UPOEngine\Src\UPOEd\ULogWindow.cpp,LogDW::SLogReceived(const LogEntry& newEntry),2,2,2,1,0,0,0,0,
C:\UPOEngine\Src\UPOEd\ULogWindow.cpp,LogWidget::LogWidget(QWidget* parent),40,19,18,0,8,0,13,31,
C:\UPOEngine\Src\UPOEd\ULogWindow.cpp,LogWidget::FillterTextChanged(const QString&),2,2,2,0,0,0,0,0,
C:\UPOEngine\Src\UPOEd\ULogWindow.cpp,GetLogTypeQColor(ELogType type),12,12,7,3,0,0,0,0,
C:\UPOEngine\Src\UPOEd\ULogWindow.cpp,LogWidget::LogReceived(const LogEntry& entry),9,6,5,1,2,0,1,3,
C:\UPOEngine\Src\UPOEd\ULogWindow.cpp,LogWidget::FillHTML(),44,27,23,7,16,0,1,11,
C:\UPOEngine\Src\UPOEd\UMainViewport.cpp,MainViewport::MainViewport(QWidget* parent ),2,1,1,0,1,0,0,0,
C:\UPOEngine\Src\UPOEd\UMainViewport.cpp,MainViewport::Tick(),2,2,2,0,0,0,0,0,
C:\UPOEngine\Src\UPOEd\UMainWindow.cpp,TestObject::TestObject(),5,3,3,0,0,0,2,6,
C:\UPOEngine\Src\UPOEd\UMainWindow.cpp,TestObject::~TestObject(),2,1,1,0,1,0,0,0,
C:\UPOEngine\Src\UPOEd\UMainWindow.cpp,TestObject::MetaPropertyChanged(const PropertyInfo* prp),2,2,2,0,0,0,0,0,
C:\UPOEngine\Src\UPOEd\UMainWindow.cpp,TestObject::Tick(),5,3,3,0,2,0,0,0,
C:\UPOEngine\Src\UPOEd\UMainWindow.cpp,StructStr::StructStr(),4,4,4,0,0,0,0,0,
C:\UPOEngine\Src\UPOEd\UMainWindow.cpp,StructStr::~StructStr(),2,2,2,0,0,0,0,0,
C:\UPOEngine\Src\UPOEd\UMainWindow.cpp,StructStr::MetaPropertyChanged(const PropertyInfo* prp),2,2,2,0,0,0,0,0,
C:\UPOEngine\Src\UPOEd\UMainWindow.cpp,"MainWindow::MainWindow(QWidget *parent , Qt::WindowFlags flags )",43,25,25,0,12,0,6,13,
C:\UPOEngine\Src\UPOEd\UMainWindow.cpp,MainWindow::Tick(),7,6,6,5,1,0,0,0,
C:\UPOEngine\Src\UPOEd\UMainWindow.cpp,MainWindow::InitWorld(),2,2,2,0,0,0,0,0,
C:\UPOEngine\Src\UPOEd\UPropertyBrowserWidgets.cpp,"PBTArrayProp::PBTArrayProp(const PBBaseProp::Param& param, QWidget* parent)",40,21,19,1,10,0,9,18,
C:\UPOEngine\Src\UPOEd\UPropertyBrowserWidgets.cpp,PBTArrayProp::ReMakeElements(),15,12,8,2,3,0,0,0,
C:\UPOEngine\Src\UPOEd\UPropertyBrowserWidgets.cpp,PBTArrayProp::UpdatePropertyValue(),16,1,1,0,1,0,14,28,
C:\UPOEngine\Src\UPOEd\UPropertyBrowserWidgets.cpp,PBTArrayProp::UpdateWidgetValue(),5,1,1,0,0,0,4,7,
C:\UPOEngine\Src\UPOEd\UPropertyBrowserWidgets.cpp,PBBaseProp::PropertyChanged(),5,5,3,2,0,0,0,0,
C:\UPOEngine\Src\UPOEd\GeneratedFiles\qrc_upoed.cpp,QT_RCC_MANGLE_NAMESPACE(qInitResources_upoed)(),2,2,2,1,0,0,0,0,
C:\UPOEngine\Src\UPOEd\GeneratedFiles\qrc_upoed.cpp,QT_RCC_MANGLE_NAMESPACE(qCleanupResources_upoed)(),2,2,2,1,0,0,0,0,
C:\UPOEngine\Src\UPOEditor\main.cpp,"main(int argc, char *argv[])",23,13,11,1,7,0,3,3,
C:\UPOEngine\Src\UPOEditor\UClassViewer.cpp,ClassViewerWindow::EVSearchTextChanged(const QString&),2,2,2,0,0,0,0,0,
C:\UPOEngine\Src\UPOEditor\UClassViewer.cpp,"ClassViewerWindow::EVClassTreeItemEntered(QTreeWidgetItem *item, int column)",2,1,1,0,1,0,0,0,
C:\UPOEngine\Src\UPOEditor\UClassViewer.cpp,ClassViewerWindow::EVClassTreeContextMenu(const QPoint& point),5,4,2,1,1,0,0,0,
C:\UPOEngine\Src\UPOEditor\UColorSelectionDialog.cpp,ColorSelectionDialog::OpenNow(QColor color),18,18,14,2,0,0,0,0,
C:\UPOEngine\Src\UPOEditor\UCommon.cpp,"SearchCheck(const QString& string, const QString& searchString)",11,9,6,5,2,0,0,0,
C:\UPOEngine\Src\UPOEditor\UCommon.cpp,GetPropertyName(const PropertyInfo& prp),4,4,4,2,0,0,0,0,
C:\UPOEngine\Src\UPOEditor\UCommon.cpp,ToColor(QColor c),2,2,2,1,0,0,0,0,
C:\UPOEngine\Src\UPOEditor\UCommon.cpp,ToColor32(QColor c),2,2,2,1,0,0,0,0,
C:\UPOEngine\Src\UPOEditor\UCommon.cpp,ToQColor(const Color& c),3,3,3,1,0,0,0,0,
C:\UPOEngine\Src\UPOEditor\UCommon.cpp,ToQColor(Color32 c),2,2,2,1,0,0,0,0,
C:\UPOEngine\Src\UPOEditor\UCommon.cpp,ToQString(const String& str),3,3,3,2,0,0,0,0,
C:\UPOEngine\Src\UPOEditor\UCommon.cpp,ToQString(Name name),3,3,3,2,0,0,0,0,
C:\UPOEngine\Src\UPOEditor\UCommon.cpp,ToString(const QString& str),2,2,2,1,0,0,0,0,
C:\UPOEngine\Src\UPOEditor\UCommon.cpp,ToName(const QString& str),2,2,2,1,0,0,0,0,
C:\UPOEngine\Src\UPOEditor\UD3DRenderWidget.cpp,D3DRenderWidget::D3DRenderWidget(QWidget* parent ),3,3,3,0,0,0,0,0,
C:\UPOEngine\Src\UPOEditor\UD3DRenderWidget.cpp,D3DRenderWidget::~D3DRenderWidget(),2,1,1,0,1,0,0,0,
C:\UPOEngine\Src\UPOEditor\UD3DRenderWidget.cpp,D3DRenderWidget::CreateDevice(),12,1,1,0,0,0,11,33,
C:\UPOEngine\Src\UPOEditor\UMainWindow.cpp,TestObject::TestObject(),5,3,3,0,0,0,2,6,
C:\UPOEngine\Src\UPOEditor\UMainWindow.cpp,TestObject::~TestObject(),2,1,1,0,1,0,0,0,
C:\UPOEngine\Src\UPOEditor\UMainWindow.cpp,TestObject::MetaPropertyChanged(const PropertyInfo* prp),2,2,2,0,0,0,0,0,
C:\UPOEngine\Src\UPOEditor\UMainWindow.cpp,TestObject::Tick(),5,3,3,0,2,0,0,0,
C:\UPOEngine\Src\UPOEditor\UMainWindow.cpp,StructStr::StructStr(),4,4,4,0,0,0,0,0,
C:\UPOEngine\Src\UPOEditor\UMainWindow.cpp,StructStr::~StructStr(),2,2,2,0,0,0,0,0,
C:\UPOEngine\Src\UPOEditor\UMainWindow.cpp,StructStr::MetaPropertyChanged(const PropertyInfo* prp),2,2,2,0,0,0,0,0,
C:\UPOEngine\Src\UPOEditor\UPropertyBrowserWidgets.cpp,"PBTArrayProp::PBTArrayProp(const PBBaseProp::Param& param, QWidget* parent)",40,21,19,1,10,0,9,18,
C:\UPOEngine\Src\UPOEditor\UPropertyBrowserWidgets.cpp,PBTArrayProp::ReMakeElements(),15,12,8,2,3,0,0,0,
C:\UPOEngine\Src\UPOEditor\UPropertyBrowserWidgets.cpp,PBTArrayProp::UpdatePropertyValue(),16,1,1,0,1,0,14,28,
C:\UPOEngine\Src\UPOEditor\UPropertyBrowserWidgets.cpp,PBTArrayProp::UpdateWidgetValue(),5,1,1,0,0,0,4,7,
C:\UPOEngine\Src\UPOEditor\UPropertyBrowserWidgets.cpp,PBBaseProp::PropertyChanged(),5,5,3,2,0,0,0,0,
C:\UPOEngine\Src\UPOEngine\Test.cpp,GetNewAssetID(),7,7,7,1,0,0,0,0,
C:\UPOEngine\Src\UPOEngine\Test.cpp,get_all_files_names_within_folder(std::string folder),19,16,14,3,1,0,2,18,
C:\UPOEngine\Src\UPOEngine\Test.cpp,"DirGetFiles(const String& dir, TArray<String>& outFiles, bool subDirectories)",2,2,2,0,0,0,0,0,
C:\UPOEngine\Src\UPOEngine\Test.cpp,"StrSplit(String& s, char split, TArray<String>& out)",44,34,19,6,8,2,2,8,
C:\UPOEngine\Src\UPOEngine\Test.cpp,"TestMain(int argc, const char** argv)",7,4,4,0,2,0,1,1,
C:\UPOEngine\Src\UPOEngine\VKTest.cpp,VKInitInstance(),9,7,7,0,2,0,0,0,
C:\UPOEngine\Src\UPOEngine\VKTest.cpp,TestVulkan(),3,2,2,0,1,0,0,0,
C:\UPOEngine\Src\UPOEngine\Core\UArray.cpp,"SerArray::CallDTor(size_t begin, size_t count, EPropertyType elementType, const TypeInfo* elementTypeInfo)",13,13,7,3,0,0,0,0,
C:\UPOEngine\Src\UPOEngine\Core\UArray.cpp,"SerArray::CallDCTor(size_t begin, size_t count, EPropertyType elementType, const TypeInfo* elementTypeInfo)",26,21,13,3,2,0,3,17,
C:\UPOEngine\Src\UPOEngine\Core\UArray.cpp,"SerArray::RemoveAll(EPropertyType elementType, const TypeInfo* elementTypeInfo)",3,3,3,0,0,0,0,0,
C:\UPOEngine\Src\UPOEngine\Core\UArray.cpp,"SerArray::Empty(EPropertyType elementType, const TypeInfo* elementTypeInfo)",5,5,5,1,0,0,0,0,
C:\UPOEngine\Src\UPOEngine\Core\UArray.cpp,"SerArray::GetElement(size_t index, EPropertyType elementType, const TypeInfo* elementTypeInfo)",10,8,6,4,2,0,0,0,
C:\UPOEngine\Src\UPOEngine\Core\UArray.cpp,"SerArray::SetCapacity(size_t newCapacity, EPropertyType elementType, const TypeInfo* elementTypeInfo)",32,30,19,4,2,0,0,0,
C:\UPOEngine\Src\UPOEngine\Core\UArray.cpp,"SerArray::AddDefault(size_t count, EPropertyType elementType, const TypeInfo* elementTypeInfo)",7,7,6,2,0,0,0,0,
C:\UPOEngine\Src\UPOEngine\Core\UBasic.cpp,AppCrash(),2,2,2,0,0,0,0,0,
C:\UPOEngine\Src\UPOEngine\Core\UBuffer.cpp,"Buffer::Buffer(size_t size, void* initialData)",16,16,10,2,0,0,0,0,
C:\UPOEngine\Src\UPOEngine\Core\UBuffer.cpp,Buffer::Buffer(const Buffer& copy),13,13,9,1,0,0,0,0,
C:\UPOEngine\Src\UPOEngine\Core\UBuffer.cpp,Buffer::operator=(const Buffer& other),4,4,4,1,0,0,0,0,
C:\UPOEngine\Src\UPOEngine\Core\UBuffer.cpp,Buffer::~Buffer(),2,2,2,0,0,0,0,0,
C:\UPOEngine\Src\UPOEngine\Core\UBuffer.cpp,Buffer::Free(),4,4,4,1,0,0,0,0,
C:\UPOEngine\Src\UPOEngine\Core\UBuffer.cpp,Buffer::MetaSerialize(Stream& stream),23,23,15,3,0,0,0,0,
C:\UPOEngine\Src\UPOEngine\Core\UConfig.cpp,Config::Find(Name name) const,8,7,5,3,1,0,0,0,
C:\UPOEngine\Src\UPOEngine\Core\UConfig.cpp,"Config::AddKey(Name name, ConfigValue value)",11,9,7,3,2,0,0,0,
C:\UPOEngine\Src\UPOEngine\Core\UConfig.cpp,"Config::SetDefault(Name name, const char* value)",5,5,5,0,0,0,0,0,
C:\UPOEngine\Src\UPOEngine\Core\UConfig.cpp,"Config::SetDefault(Name name, float value)",5,5,5,0,0,0,0,0,
C:\UPOEngine\Src\UPOEngine\Core\UConfig.cpp,"Config::SetDefault(Name name, bool value)",5,5,5,0,0,0,0,0,
C:\UPOEngine\Src\UPOEngine\Core\UConfig.cpp,"Config::AsNumber(Name name, float defaultValue ) const",7,5,4,3,2,0,0,0,
C:\UPOEngine\Src\UPOEngine\Core\UConfig.cpp,"Config::AsName(Name name, Name defaultValue ) const",7,5,4,3,2,0,0,0,
C:\UPOEngine\Src\UPOEngine\Core\UConfig.cpp,"Config::AsBool(Name name, bool defaultValue ) const",7,5,4,3,2,0,0,0,
C:\UPOEngine\Src\UPOEngine\Core\UConfig.cpp,Config::InitFromINI(const char* iniFilename),11,11,7,3,0,0,0,0,
C:\UPOEngine\Src\UPOEngine\Core\UConfig.cpp,IsINIComment(char chr),1,1,1,0,0,0,0,0,
C:\UPOEngine\Src\UPOEngine\Core\UConfig.cpp,Config::InitFromINI(const Buffer& iniContent),3,3,3,1,0,0,0,0,
C:\UPOEngine\Src\UPOEngine\Core\UConfig.cpp,Config::PrintDbg(),9,9,5,3,0,0,0,0,
C:\UPOEngine\Src\UPOEngine\Core\UEngineConfig.cpp,EngineConfig::EngineConfig(),13,7,7,0,5,0,1,5,
C:\UPOEngine\Src\UPOEngine\Core\UEngineConfig.cpp,EngineConfig::Get(),3,3,3,1,0,0,0,0,
C:\UPOEngine\Src\UPOEngine\Core\UFileSys.cpp,File::Exist(const char* filename),10,9,7,4,1,0,0,0,
C:\UPOEngine\Src\UPOEngine\Core\UFileSys.cpp,"File::OpenReadFull(const char* filename, Buffer& out)",20,15,13,7,4,0,1,3,
C:\UPOEngine\Src\UPOEngine\Core\UFileSys.cpp,File::Flush(),3,3,3,2,0,0,0,0,
C:\UPOEngine\Src\UPOEngine\Core\UFileSys.cpp,"File::WriteBytes(const void* bytes, size_t size)",3,3,3,2,0,0,0,0,
C:\UPOEngine\Src\UPOEngine\Core\UFileSys.cpp,"File::ReadBytes(void* outBytes, size_t size)",3,3,3,2,0,0,0,0,
C:\UPOEngine\Src\UPOEngine\Core\UFileSys.cpp,File::GetSize() const,13,13,11,5,0,0,0,0,
C:\UPOEngine\Src\UPOEngine\Core\UFileSys.cpp,"File::Open(const char* filename, EFileOpenMode mode)",33,28,21,11,4,0,1,5,
C:\UPOEngine\Src\UPOEngine\Core\UFileSys.cpp,File::Close(),8,8,6,4,0,0,0,0,
C:\UPOEngine\Src\UPOEngine\Core\UFileSys.cpp,"File::Rename(const char* oldname, const char* newname)",3,3,3,2,0,0,0,0,
C:\UPOEngine\Src\UPOEngine\Core\UFileSys.cpp,File::Delete(const char* filename),3,3,3,2,0,0,0,0,
C:\UPOEngine\Src\UPOEngine\Core\UFileSys_Win.cpp,"WinPathGetFilesFolders(const char* path, TArray<String>& outFilesFoldersName, bool sub, bool getFiles, bool getFolders, const char* prefix = nullptr)",62,46,28,9,16,1,0,4,
C:\UPOEngine\Src\UPOEngine\Core\UFileSys_Win.cpp,"PathGetFiles(const String& path, TArray<String>& outFileNames, bool sub )",3,3,3,0,0,0,0,0,
C:\UPOEngine\Src\UPOEngine\Core\UFileSys_Win.cpp,"PathGetFolders(const String& path, TArray<String>& outFoldersNames, bool sub )",3,3,3,0,0,0,0,0,
C:\UPOEngine\Src\UPOEngine\Core\UHash.cpp,"FNV32(const void* data, size_t len, uint32 hash)",8,8,6,2,0,0,0,0,
C:\UPOEngine\Src\UPOEngine\Core\UHash.cpp,"FNV64(const void* data, size_t len, uint64 hash)",8,8,6,2,0,0,0,0,
C:\UPOEngine\Src\UPOEngine\Core\UHash.cpp,"FNV32Str(const char * str, uint32 hash)",9,9,7,2,0,0,0,0,
C:\UPOEngine\Src\UPOEngine\Core\UHash.cpp,"FNV64Str(const char* str, uint64 hash)",9,9,7,2,0,0,0,0,
C:\UPOEngine\Src\UPOEngine\Core\ULog.cpp,SetColor(int color),4,4,4,0,0,0,0,0,
C:\UPOEngine\Src\UPOEngine\Core\ULog.cpp,MatchColor(UPO::ELogType logType),6,6,4,0,0,0,0,0,
C:\UPOEngine\Src\UPOEngine\Core\ULog.cpp,MatchColor(UPO::ELogType logType),2,1,1,0,0,0,1,1,
C:\UPOEngine\Src\UPOEngine\Core\ULog.cpp,Log::Get(),3,3,3,1,0,0,0,0,
C:\UPOEngine\Src\UPOEngine\Core\ULog.cpp,"Log::Add(ELogType type, const char* file, const char* funcName, unsigned line, const char* format, ...)",8,7,7,0,1,0,0,0,
C:\UPOEngine\Src\UPOEngine\Core\ULog.cpp,"Log::AddListener(TFP<void, const LogEntry&> function)",2,2,2,1,0,0,0,0,
C:\UPOEngine\Src\UPOEngine\Core\UModule.cpp,ModuleSys::Get(),3,3,3,1,0,0,0,0,
C:\UPOEngine\Src\UPOEngine\Core\UModule.cpp,ModuleSys::ModuleSys(),3,3,3,0,0,0,0,0,
C:\UPOEngine\Src\UPOEngine\Core\UModule.cpp,ModuleSys::~ModuleSys(),2,2,2,0,0,0,0,0,
C:\UPOEngine\Src\UPOEngine\Core\UModule.cpp,ModuleSys::LoadModule(const char* moduleName),37,29,21,7,8,1,0,3,
C:\UPOEngine\Src\UPOEngine\Core\UModule.cpp,ModuleSys::UnloadModule(Module* module),28,24,18,6,4,0,0,0,
C:\UPOEngine\Src\UPOEngine\Core\UModule.cpp,ModuleSys::UnloadAll(),11,10,6,2,0,0,1,19,
C:\UPOEngine\Src\UPOEngine\Core\UModule.cpp,ModuleSys::IsLoaded(const char* moduleName),2,2,2,1,0,0,0,0,
C:\UPOEngine\Src\UPOEngine\Core\UModule.cpp,ModuleSys::FindByName(const char* moduleName),9,8,5,5,1,0,0,0,
C:\UPOEngine\Src\UPOEngine\Core\UName.cpp,Name::MetaSerialize(Stream& stream),23,23,15,3,0,0,0,0,
C:\UPOEngine\Src\UPOEngine\Core\UName.cpp,NameContext::Get(),3,3,3,1,0,0,0,0,
C:\UPOEngine\Src\UPOEngine\Core\UName.cpp,NameContext::NameContext(),12,9,7,1,2,1,1,13,
C:\UPOEngine\Src\UPOEngine\Core\UName.cpp,NameContext::~NameContext(),3,3,3,0,0,0,0,0,
C:\UPOEngine\Src\UPOEngine\Core\UName.cpp,NameContext::GetOrSet(const char* str),34,25,21,6,6,1,3,24,
C:\UPOEngine\Src\UPOEngine\Core\UName.cpp,NameContext::FreeUnuseds(),24,23,15,3,1,1,0,5,
C:\UPOEngine\Src\UPOEngine\Core\UStream.cpp,StreamReaderMemory::StreamReaderMemory(unsigned initialCapacity),3,3,3,0,0,0,0,0,
C:\UPOEngine\Src\UPOEngine\Core\UStream.cpp,StreamReaderMemory::~StreamReaderMemory(),1,1,1,0,0,0,0,0,
C:\UPOEngine\Src\UPOEngine\Core\UStream.cpp,StreamReaderMemory::GetSeek() const,2,2,2,1,0,0,0,0,
C:\UPOEngine\Src\UPOEngine\Core\UStream.cpp,"StreamReaderMemory::Bytes(void* bytes, unsigned length)",7,7,5,2,0,0,0,0,
C:\UPOEngine\Src\UPOEngine\Core\UStream.cpp,"StreamWriterMemory::StreamWriterMemory(void* data, size_t size)",6,6,6,0,0,0,0,0,
C:\UPOEngine\Src\UPOEngine\Core\UStream.cpp,StreamWriterMemory::~StreamWriterMemory(),4,4,4,0,0,0,0,0,
C:\UPOEngine\Src\UPOEngine\Core\UStream.cpp,"StreamWriterMemory::Bytes(void* bytes, unsigned length)",17,16,10,3,1,0,0,0,
C:\UPOEngine\Src\UPOEngine\Core\UStream.cpp,StreamWriterFile::StreamWriterFile(const String& filename),5,5,5,0,0,0,0,0,
C:\UPOEngine\Src\UPOEngine\Core\UStream.cpp,StreamWriterFile::~StreamWriterFile(),1,1,1,0,0,0,0,0,
C:\UPOEngine\Src\UPOEngine\Core\UStream.cpp,"StreamWriterFile::Bytes(void* bytes, unsigned length)",10,9,7,2,1,0,0,0,
C:\UPOEngine\Src\UPOEngine\Core\UStream.cpp,StreamReaderFile::StreamReaderFile(const String& filename),4,4,4,0,0,0,0,0,
C:\UPOEngine\Src\UPOEngine\Core\UStream.cpp,StreamReaderFile::~StreamReaderFile(),1,1,1,0,0,0,0,0,
C:\UPOEngine\Src\UPOEngine\Core\UStream.cpp,"StreamReaderFile::Bytes(void* bytes, unsigned length)",9,9,7,2,0,0,0,0,
C:\UPOEngine\Src\UPOEngine\Core\UString.cpp,"StrTakeBetweenFirstLast(const char* str, char* out, char first, char last)",25,23,15,7,2,0,0,0,
C:\UPOEngine\Src\UPOEngine\Core\UString.cpp,"StrCountChar(const char* str, char chr)",9,9,7,3,0,0,0,0,
C:\UPOEngine\Src\UPOEngine\Core\UString.cpp,"StrFindNChar(const char* str, char chr, unsigned n)",12,12,8,4,0,0,0,0,
C:\UPOEngine\Src\UPOEngine\Core\UString.cpp,"StrFindRNChar(const char* str, char chr, unsigned n)",12,12,8,4,0,0,0,0,
C:\UPOEngine\Src\UPOEngine\Core\UString.cpp,String::String(const Name& name),1,1,1,0,0,0,0,0,
C:\UPOEngine\Src\UPOEngine\Core\UString.cpp,String::Equal(const String& other) const,10,10,6,5,0,0,0,0,
C:\UPOEngine\Src\UPOEngine\Core\UString.cpp,"String::FindNChar(char chr, unsigned n ) const",14,14,8,5,0,0,0,0,
C:\UPOEngine\Src\UPOEngine\Core\UString.cpp,"String::FindNCharReverse(char chr, unsigned n ) const",14,14,8,5,0,0,0,0,
C:\UPOEngine\Src\UPOEngine\Core\UString.cpp,"String::Split(char seprator, TArray<String>& out) const",37,32,18,5,5,3,0,12,
C:\UPOEngine\Src\UPOEngine\Core\UString.cpp,String::Trim(),36,31,20,8,5,2,0,12,
C:\UPOEngine\Src\UPOEngine\Core\UString.cpp,"String::SubStr(unsigned index, unsigned count ) const",10,8,6,2,2,0,0,0,
C:\UPOEngine\Src\UPOEngine\Core\UString.cpp,String::ToFloat(float& out) const,18,5,5,2,5,0,8,27,
C:\UPOEngine\Src\UPOEngine\Core\UString.cpp,"String::SetFormatted(const char* format, ...)",8,7,7,0,1,0,0,0,
C:\UPOEngine\Src\UPOEngine\Core\UString.cpp,String::MetaSerialize(Stream& stream),21,20,14,3,0,0,1,12,
C:\UPOEngine\Src\UPOEngine\Core\UThreading.cpp,IsGameThread(),2,2,2,1,0,0,0,0,
C:\UPOEngine\Src\UPOEngine\Core\UThreading.cpp,IsRenderThread(),2,2,2,1,0,0,0,0,
C:\UPOEngine\Src\UPOEngine\Core\UThreading_Win.cpp,Thread::Sleep(unsigned milliseconds),2,2,2,0,0,0,0,0,
C:\UPOEngine\Src\UPOEngine\Core\UThreading_Win.cpp,Thread::ID(),2,2,2,1,0,0,0,0,
C:\UPOEngine\Src\UPOEngine\Core\UTimer.cpp,FPSCounter::Frame(),14,13,9,2,1,1,0,2,
C:\UPOEngine\Src\UPOEngine\Core\UTimer.cpp,GetSecondsSince2000(),5,5,6,1,0,0,0,0,
C:\UPOEngine\Src\UPOEngine\Core\UVector.cpp,Vec2::MetaSerialize(Stream& s),2,2,2,0,0,0,0,0,
C:\UPOEngine\Src\UPOEngine\Core\UVector.cpp,Vec3::MetaSerialize(Stream& s),2,2,2,0,0,0,0,0,
C:\UPOEngine\Src\UPOEngine\Core\UVector.cpp,Vec4::MetaSerialize(Stream& s),2,2,2,0,0,0,0,0,
C:\UPOEngine\Src\UPOEngine\Core\UVector.cpp,Color::MetaSerialize(Stream& s),2,2,2,0,0,0,0,0,
C:\UPOEngine\Src\UPOEngine\Core\UVector.cpp,Color32::MetaSerialize(Stream& s),2,2,2,0,0,0,0,0,
C:\UPOEngine\Src\UPOEngine\Core\UBasic.h,UASSERT(expression),1,1,1,0,0,0,0,0,
C:\UPOEngine\Src\UPOEngine\Core\UBasic.h,ZZZLineNumber(),1,1,1,0,0,0,0,0,
C:\UPOEngine\Src\UPOEngine\Core\UBasic.h,ZZZFileName(),1,1,1,0,0,0,0,0,
C:\UPOEngine\Src\UPOEngine\Core\UBasic.h,ZZZIsMeta(),1,1,1,0,0,0,0,0,
C:\UPOEngine\Src\UPOEngine\Core\UBasic.h,MemFunc2Ptr(TFunction function),9,2,2,1,0,0,7,12,
C:\UPOEngine\Src\UPOEngine\Core\UBasic.h,Ptr2MemFunc(const void* function),8,8,7,1,0,0,0,0,
C:\UPOEngine\Src\UPOEngine\Core\UBasic.h,IsPow2(size_t x),2,2,2,1,0,0,0,0,
C:\UPOEngine\Src\UPOEngine\Core\UBasic.h,"RoundUpToMulP2(size_t numToRound, size_t multiple)",3,3,3,1,0,0,0,0,
C:\UPOEngine\Src\UPOEngine\Core\UBasic.h,"RoundUpToMul(size_t numToRound, size_t multiple)",3,3,3,1,0,0,0,0,
C:\UPOEngine\Src\UPOEngine\Core\UBasic.h,"Max(T a, T b)",1,1,1,0,0,0,0,0,
C:\UPOEngine\Src\UPOEngine\Core\UBasic.h,"Min(T a, T b)",1,1,1,0,0,0,0,0,
C:\UPOEngine\Src\UPOEngine\Core\UBasic.h,"Clamp(float value, float min, float max)",1,1,1,0,0,0,0,0,
C:\UPOEngine\Src\UPOEngine\Core\UBasic.h,Sqrt(float x),1,1,1,0,0,0,0,0,
C:\UPOEngine\Src\UPOEngine\Core\UBasic.h,RSqrt(float x),1,1,1,0,0,0,0,0,
C:\UPOEngine\Src\UPOEngine\Core\UBasic.h,Sin(float x),1,1,1,0,0,0,0,0,
C:\UPOEngine\Src\UPOEngine\Core\UBasic.h,Cos(float x),1,1,1,0,0,0,0,0,
C:\UPOEngine\Src\UPOEngine\Core\UBasic.h,"SinCos(float angleRad, float& outSin, float& outCos)",3,3,3,0,0,0,0,0,
C:\UPOEngine\Src\UPOEngine\Core\UBasic.h,"SinCosDeg(float angleDeg, float& outSin, float& outCos)",3,3,3,0,0,0,0,0,
C:\UPOEngine\Src\UPOEngine\Core\UBasic.h,Abs(float x),1,1,1,0,0,0,0,0,
C:\UPOEngine\Src\UPOEngine\Core\UBasic.h,Tan(float x),2,2,2,1,0,0,0,0,
C:\UPOEngine\Src\UPOEngine\Core\UBasic.h,"Distance(float x, float y)",2,2,2,1,0,0,0,0,
C:\UPOEngine\Src\UPOEngine\Core\UBasic.h,"Swap(T& a, T& b)",4,4,4,0,0,0,0,0,
C:\UPOEngine\Src\UPOEngine\Core\UBasic.h,"Lerp(float v0, float v1, float t)",2,2,2,1,0,0,0,0,
C:\UPOEngine\Src\UPOEngine\Core\UBasic.h,Sign(int value),2,2,2,1,0,0,0,0,
C:\UPOEngine\Src\UPOEngine\Core\UBasic.h,RandBool(),1,1,1,0,0,0,0,0,
C:\UPOEngine\Src\UPOEngine\Core\UBasic.h,RandInt(),1,1,1,0,0,0,0,0,
C:\UPOEngine\Src\UPOEngine\Core\UBasic.h,RandFloat01(),1,1,1,0,0,0,0,0,
C:\UPOEngine\Src\UPOEngine\Core\UBasic.h,"RandFloat(float min, float max)",1,1,1,0,0,0,0,0,
C:\UPOEngine\Src\UPOEngine\Core\UEngineConfig.h,GEngineConfig(),1,1,1,0,0,0,0,0,
C:\UPOEngine\Src\UPOEngine\Core\UMemory.h,"MemCopy(void* dst, const void* src, size_t size)",1,1,1,0,0,0,0,0,
C:\UPOEngine\Src\UPOEngine\Core\UMemory.h,"MemMove(void* dst, const void* src, size_t size)",1,1,1,0,0,0,0,0,
C:\UPOEngine\Src\UPOEngine\Core\UMemory.h,"MemZero(void* dst, size_t size)",1,1,1,0,0,0,0,0,
C:\UPOEngine\Src\UPOEngine\Core\UMemory.h,"MemCmp(const void* a, const void* b, size_t size)",1,1,1,0,0,0,0,0,
C:\UPOEngine\Src\UPOEngine\Core\UMemory.h,"MemEqual(const void* a, const void* b, size_t size)",1,1,1,0,0,0,0,0,
C:\UPOEngine\Src\UPOEngine\Core\UMemory.h,MemAlloc(size_t size),1,1,1,0,0,0,0,0,
C:\UPOEngine\Src\UPOEngine\Core\UMemory.h,"MemRealloc(void* memory, size_t newSize)",1,1,1,0,0,0,0,0,
C:\UPOEngine\Src\UPOEngine\Core\UMemory.h,MemFree(void* memory),1,1,1,0,0,0,0,0,
C:\UPOEngine\Src\UPOEngine\Core\UMemory.h,MemNew(const bool zeromemory = false),4,4,4,2,0,0,0,0,
C:\UPOEngine\Src\UPOEngine\Core\UMemory.h,MemDelete(T* ptr),2,2,2,0,0,0,0,0,
C:\UPOEngine\Src\UPOEngine\Core\UMemory.h,ZeroType(T& object),2,2,2,0,0,0,0,0,
C:\UPOEngine\Src\UPOEngine\Core\UMemory.h,"CopyType(T& dst, const T& src)",2,2,2,0,0,0,0,0,
C:\UPOEngine\Src\UPOEngine\Core\UName.h,GetHash32(const Name& name),1,1,1,0,0,0,0,0,
C:\UPOEngine\Src\UPOEngine\Core\UString.h,StrLen(const char* str),1,1,1,0,0,0,0,0,
C:\UPOEngine\Src\UPOEngine\Core\UString.h,"StrBeginWith(const char* str, const char* begin)",1,1,1,0,0,0,0,0,
C:\UPOEngine\Src\UPOEngine\Core\UString.h,"StrCopy(char* dst, const char* src, size_t bufferSize)",1,1,1,0,0,0,0,0,
C:\UPOEngine\Src\UPOEngine\Core\UTimer.h,AppTickCount(),1,1,1,0,0,0,0,0,
C:\UPOEngine\Src\UPOEngine\Core\UTree.h,"HTreeAttachTo(HTreeNode* nodeToAttach, HTreeNode* parent)",18,18,14,1,0,0,0,0,
C:\UPOEngine\Src\UPOEngine\Core\UTree.h,HTreeDetachNode(HTreeNode* node),27,27,15,5,0,4,0,21,
C:\UPOEngine\Src\UPOEngine\Core\UVector.h,"Dot(const Vec2& a, const Vec2& b)",2,2,2,1,0,0,0,0,
C:\UPOEngine\Src\UPOEngine\Core\UVector.h,Abs(const Vec2& v),2,2,2,1,0,0,0,0,
C:\UPOEngine\Src\UPOEngine\Core\UVector.h,"Min(const Vec2& v0, const Vec2& v1)",2,2,2,1,0,0,0,0,
C:\UPOEngine\Src\UPOEngine\Core\UVector.h,"Max(const Vec2& v0, const Vec2& v1)",2,2,2,1,0,0,0,0,
C:\UPOEngine\Src\UPOEngine\Core\UVector.h,"Lerp(const Vec2& v0, const Vec2& v1, float t)",2,2,2,1,0,0,0,0,
C:\UPOEngine\Src\UPOEngine\Core\UVector.h,"Clamp(const Vec2& value, float min, float max)",2,2,2,1,0,0,0,0,
C:\UPOEngine\Src\UPOEngine\Core\UVector.h,"Clamp(const Vec2& value, const Vec2& min, const Vec2& max)",2,2,2,1,0,0,0,0,
C:\UPOEngine\Src\UPOEngine\Core\UVector.h,"Dot(const Vec3& a, const Vec3& b)",2,2,2,1,0,0,0,0,
C:\UPOEngine\Src\UPOEngine\Core\UVector.h,Abs(const Vec3& v),2,2,2,1,0,0,0,0,
C:\UPOEngine\Src\UPOEngine\Core\UVector.h,"Min(const Vec3& v0, const Vec3& v1)",2,2,2,1,0,0,0,0,
C:\UPOEngine\Src\UPOEngine\Core\UVector.h,"Max(const Vec3& v0, const Vec3& v1)",2,2,2,1,0,0,0,0,
C:\UPOEngine\Src\UPOEngine\Core\UVector.h,"Lerp(const Vec3& v0, const Vec3& v1, float t)",2,2,2,1,0,0,0,0,
C:\UPOEngine\Src\UPOEngine\Core\UVector.h,"Clamp(const Vec3& value, float min, float max)",2,2,2,1,0,0,0,0,
C:\UPOEngine\Src\UPOEngine\Core\UVector.h,"Clamp(const Vec3& value, const Vec3& min, const Vec3& max)",2,2,2,1,0,0,0,0,
C:\UPOEngine\Src\UPOEngine\Core\UVector.h,Abs(const Vec4& v),2,2,2,1,0,0,0,0,
C:\UPOEngine\Src\UPOEngine\Core\UVector.h,"Min(const Vec4& v0, const Vec4& v1)",2,2,2,1,0,0,0,0,
C:\UPOEngine\Src\UPOEngine\Core\UVector.h,"Max(const Vec4& v0, const Vec4& v1)",2,2,2,1,0,0,0,0,
C:\UPOEngine\Src\UPOEngine\Core\UVector.h,"Lerp(const Vec4& v0, const Vec4& v1, float t)",2,2,2,1,0,0,0,0,
C:\UPOEngine\Src\UPOEngine\Core\UVector.h,"Clamp(const Vec4& value, float min, float max)",2,2,2,1,0,0,0,0,
C:\UPOEngine\Src\UPOEngine\Core\UVector.h,"Clamp(const Vec4& value, const Vec4& min, const Vec4& max)",2,2,2,1,0,0,0,0,
C:\UPOEngine\Src\UPOEngine\Core\UVector.h,Vec3::Vec3(const Vec4& v),2,2,2,0,0,0,0,0,
C:\UPOEngine\Src\UPOEngine\Core\UVector.h,Vec3::operator=(const Vec4& v),3,3,3,1,0,0,0,0,
C:\UPOEngine\Src\UPOEngine\Core\UVector.h,Vec2::Vec2(const Vec3& v3),2,2,2,0,0,0,0,0,
C:\UPOEngine\Src\UPOEngine\Core\UVector.h,Vec2::operator=(const Vec3& v3),2,2,2,0,0,0,0,0,
C:\UPOEngine\Src\UPOEngine\Core\UVector.h,Color::Color(const Color32& color),6,6,6,0,0,0,0,0,
C:\UPOEngine\Src\UPOEngine\dump\_URenderer.cpp,Renderer::Init(),57,43,37,2,13,0,1,2,
C:\UPOEngine\Src\UPOEngine\dump\_URenderer.cpp,Renderer::Shutdown(),10,8,8,0,2,0,0,0,
C:\UPOEngine\Src\UPOEngine\dump\_URenderer.cpp,Renderer::Tick(),14,10,9,0,4,0,0,0,
C:\UPOEngine\Src\UPOEngine\dump\_URenderer.cpp,Renderer::BeginScene(),5,3,3,0,1,0,1,1,
C:\UPOEngine\Src\UPOEngine\dump\_URenderer.cpp,Renderer::RenderScene(),3,2,2,0,0,0,1,1,
C:\UPOEngine\Src\UPOEngine\dump\_URenderer.cpp,Renderer::EndScene(),2,2,2,0,0,0,0,0,
C:\UPOEngine\Src\UPOEngine\dump\_URenderer.cpp,Renderer::RenderBasePass(),5,4,4,0,1,0,0,0,
C:\UPOEngine\Src\UPOEngine\dump\_URenderer.cpp,"GFXRenderer::Init(unsigned w, unsigned h, GFXContext* ctx)",2,1,1,0,1,0,0,0,
C:\UPOEngine\Src\UPOEngine\dump\_URenderer.cpp,GFXRenderer::Release(),2,1,1,0,1,0,0,0,
C:\UPOEngine\Src\UPOEngine\dump\_URenderer.cpp,"GFXRenderer::Resize(unsigned newW, unsigned newH)",2,1,1,0,1,0,0,0,
C:\UPOEngine\Src\UPOEngine\dump\_URenderer.cpp,GFXRenderer::Render(),6,5,5,0,1,0,0,0,
C:\UPOEngine\Src\UPOEngine\dump\RasterTech\cameraclass.cpp,CameraClass::CameraClass(),8,7,7,0,1,0,0,0,
C:\UPOEngine\Src\UPOEngine\dump\RasterTech\cameraclass.cpp,CameraClass::CameraClass(const CameraClass& other),1,1,1,0,0,0,0,0,
C:\UPOEngine\Src\UPOEngine\dump\RasterTech\cameraclass.cpp,CameraClass::~CameraClass(),1,1,1,0,0,0,0,0,
C:\UPOEngine\Src\UPOEngine\dump\RasterTech\cameraclass.cpp,"CameraClass::SetPosition(float x, float y, float z)",5,5,5,0,0,0,0,0,
C:\UPOEngine\Src\UPOEngine\dump\RasterTech\cameraclass.cpp,"CameraClass::SetRotation(float x, float y, float z)",5,5,5,0,0,0,0,0,
C:\UPOEngine\Src\UPOEngine\dump\RasterTech\cameraclass.cpp,CameraClass::GetPosition(),2,2,2,1,0,0,0,0,
C:\UPOEngine\Src\UPOEngine\dump\RasterTech\cameraclass.cpp,CameraClass::GetRotation(),2,2,2,1,0,0,0,0,
C:\UPOEngine\Src\UPOEngine\dump\RasterTech\cameraclass.cpp,CameraClass::Render(class InputClass* input),81,36,23,10,8,0,37,173,
C:\UPOEngine\Src\UPOEngine\dump\RasterTech\cameraclass.cpp,CameraClass::GetViewMatrix(D3DXMATRIX& viewMatrix),3,3,3,0,0,0,0,0,
C:\UPOEngine\Src\UPOEngine\dump\RasterTech\d3dclass.cpp,D3DClass::D3DClass(),9,7,7,0,0,0,2,6,
C:\UPOEngine\Src\UPOEngine\dump\RasterTech\d3dclass.cpp,D3DClass::D3DClass(const D3DClass& other),1,1,1,0,0,0,0,0,
C:\UPOEngine\Src\UPOEngine\dump\RasterTech\d3dclass.cpp,D3DClass::~D3DClass(),1,1,1,0,0,0,0,0,
C:\UPOEngine\Src\UPOEngine\dump\RasterTech\d3dclass.cpp,"D3DClass::Initialize(int screenWidth, int screenHeight, bool vsync, HWND hwnd, bool fullscreen, float screenDepth, float screenNear)",246,157,121,28,49,0,40,324,
C:\UPOEngine\Src\UPOEngine\dump\RasterTech\d3dclass.cpp,D3DClass::Shutdown(),56,36,22,7,9,0,11,33,
C:\UPOEngine\Src\UPOEngine\dump\RasterTech\d3dclass.cpp,"D3DClass::BeginScene(float red, float green, float blue, float alpha)",17,9,9,0,5,1,3,17,
C:\UPOEngine\Src\UPOEngine\dump\RasterTech\d3dclass.cpp,D3DClass::EndScene(),14,10,6,1,1,0,3,21,
C:\UPOEngine\Src\UPOEngine\dump\RasterTech\d3dclass.cpp,D3DClass::GetDevice(),2,2,2,1,0,0,0,0,
C:\UPOEngine\Src\UPOEngine\dump\RasterTech\d3dclass.cpp,D3DClass::GetDeviceContext(),2,2,2,1,0,0,0,0,
C:\UPOEngine\Src\UPOEngine\dump\RasterTech\d3dclass.cpp,D3DClass::GetProjectionMatrix(D3DXMATRIX& projectionMatrix),5,3,3,0,0,0,2,14,
C:\UPOEngine\Src\UPOEngine\dump\RasterTech\d3dclass.cpp,D3DClass::GetWorldMatrix(D3DXMATRIX& worldMatrix),3,3,3,0,0,0,0,0,
C:\UPOEngine\Src\UPOEngine\dump\RasterTech\d3dclass.cpp,D3DClass::GetOrthoMatrix(D3DXMATRIX& orthoMatrix),3,3,3,0,0,0,0,0,
C:\UPOEngine\Src\UPOEngine\dump\RasterTech\d3dclass.cpp,"D3DClass::GetVideoCardInfo(char* cardName, int& memory)",4,4,4,0,0,0,0,0,
C:\UPOEngine\Src\UPOEngine\dump\RasterTech\DInput.cpp,"DInput::Initialize(HINSTANCE hinstance, HWND hwnd, int screenWidth, int screenHeight)",71,52,34,19,9,0,10,102,
C:\UPOEngine\Src\UPOEngine\dump\RasterTech\DInput.cpp,DInput::Shutdown(),25,19,13,3,3,0,3,13,
C:\UPOEngine\Src\UPOEngine\dump\RasterTech\DInput.cpp,DInput::Frame(),17,10,8,5,4,0,3,22,
C:\UPOEngine\Src\UPOEngine\dump\RasterTech\DInput.cpp,DInput::ReadKeyboard(),20,15,9,4,3,0,2,19,
C:\UPOEngine\Src\UPOEngine\dump\RasterTech\DInput.cpp,DInput::ReadMouse(),20,15,9,4,3,0,2,19,
C:\UPOEngine\Src\UPOEngine\dump\RasterTech\DInput.cpp,DInput::ProcessInput(),13,8,8,4,3,0,2,29,
C:\UPOEngine\Src\UPOEngine\dump\RasterTech\DInput.cpp,DInput::IsEscapePressed(),8,6,4,3,1,0,1,18,
C:\UPOEngine\Src\UPOEngine\dump\RasterTech\DInput.cpp,"DInput::GetMouseLocation(int& mouseX, int& mouseY)",4,4,4,0,0,0,0,0,
C:\UPOEngine\Src\UPOEngine\dump\RasterTech\graphicsclass.cpp,GraphicsClass::GraphicsClass(),6,6,6,0,0,0,0,0,
C:\UPOEngine\Src\UPOEngine\dump\RasterTech\graphicsclass.cpp,GraphicsClass::GraphicsClass(const GraphicsClass& other),1,1,1,0,0,0,0,0,
C:\UPOEngine\Src\UPOEngine\dump\RasterTech\graphicsclass.cpp,GraphicsClass::~GraphicsClass(),1,1,1,0,0,0,0,0,
C:\UPOEngine\Src\UPOEngine\dump\RasterTech\graphicsclass.cpp,"GraphicsClass::Initialize(int screenWidth, int screenHeight, HWND hwnd)",74,51,36,17,13,0,10,45,
C:\UPOEngine\Src\UPOEngine\dump\RasterTech\graphicsclass.cpp,GraphicsClass::Shutdown(),40,30,20,5,5,0,5,21,
C:\UPOEngine\Src\UPOEngine\dump\RasterTech\graphicsclass.cpp,GraphicsClass::Frame(),21,14,10,4,5,0,2,10,
C:\UPOEngine\Src\UPOEngine\dump\RasterTech\graphicsclass.cpp,GraphicsClass::Render(float rotation),38,19,15,3,11,0,8,74,
C:\UPOEngine\Src\UPOEngine\dump\RasterTech\inputclass.cpp,InputClass::InputClass(),1,1,1,0,0,0,0,0,
C:\UPOEngine\Src\UPOEngine\dump\RasterTech\inputclass.cpp,InputClass::InputClass(const InputClass& other),1,1,1,0,0,0,0,0,
C:\UPOEngine\Src\UPOEngine\dump\RasterTech\inputclass.cpp,InputClass::~InputClass(),1,1,1,0,0,0,0,0,
C:\UPOEngine\Src\UPOEngine\dump\RasterTech\inputclass.cpp,InputClass::Initialize(),11,7,5,1,3,0,1,10,
C:\UPOEngine\Src\UPOEngine\dump\RasterTech\inputclass.cpp,InputClass::KeyDown(unsigned int input),4,3,3,0,0,0,1,13,
C:\UPOEngine\Src\UPOEngine\dump\RasterTech\inputclass.cpp,InputClass::KeyUp(unsigned int input),4,3,3,0,0,0,1,13,
C:\UPOEngine\Src\UPOEngine\dump\RasterTech\inputclass.cpp,InputClass::IsKeyDown(unsigned int key),3,2,2,1,0,0,1,9,
C:\UPOEngine\Src\UPOEngine\dump\RasterTech\inputclass.cpp,"InputClass::SetMousePos(int x, int y)",3,3,3,0,0,0,0,0,
C:\UPOEngine\Src\UPOEngine\dump\RasterTech\inputclass.cpp,InputClass::GetMouseVelocityX(),2,2,2,1,0,0,0,0,
C:\UPOEngine\Src\UPOEngine\dump\RasterTech\inputclass.cpp,InputClass::GetMouseVelocityY(),2,2,2,1,0,0,0,0,
C:\UPOEngine\Src\UPOEngine\dump\RasterTech\inputclass.cpp,InputClass::Frame(),3,3,3,0,0,0,0,0,
C:\UPOEngine\Src\UPOEngine\dump\RasterTech\lightclass.cpp,LightClass::LightClass(),1,1,1,0,0,0,0,0,
C:\UPOEngine\Src\UPOEngine\dump\RasterTech\lightclass.cpp,LightClass::LightClass(const LightClass& other),1,1,1,0,0,0,0,0,
C:\UPOEngine\Src\UPOEngine\dump\RasterTech\lightclass.cpp,LightClass::~LightClass(),1,1,1,0,0,0,0,0,
C:\UPOEngine\Src\UPOEngine\dump\RasterTech\lightclass.cpp,"LightClass::SetDiffuseColor(float red, float green, float blue, float alpha)",3,3,3,0,0,0,0,0,
C:\UPOEngine\Src\UPOEngine\dump\RasterTech\lightclass.cpp,"LightClass::SetDirection(float x, float y, float z)",3,3,3,0,0,0,0,0,
C:\UPOEngine\Src\UPOEngine\dump\RasterTech\lightclass.cpp,LightClass::GetDiffuseColor(),2,2,2,1,0,0,0,0,
C:\UPOEngine\Src\UPOEngine\dump\RasterTech\lightclass.cpp,LightClass::GetDirection(),2,2,2,1,0,0,0,0,
C:\UPOEngine\Src\UPOEngine\dump\RasterTech\lightclass.cpp,"LightClass::SetAmbientColor(float red, float green, float blue, float alpha)",3,3,3,0,0,0,0,0,
C:\UPOEngine\Src\UPOEngine\dump\RasterTech\lightclass.cpp,LightClass::GetAmbientColor(),2,2,2,1,0,0,0,0,
C:\UPOEngine\Src\UPOEngine\dump\RasterTech\lightclass.cpp,"LightClass::SetSpecularColor(float red, float green, float blue, float alpha)",3,3,3,0,0,0,0,0,
C:\UPOEngine\Src\UPOEngine\dump\RasterTech\lightclass.cpp,LightClass::SetSpecularPower(float power),3,3,3,0,0,0,0,0,
C:\UPOEngine\Src\UPOEngine\dump\RasterTech\lightclass.cpp,LightClass::GetSpecularColor(),2,2,2,1,0,0,0,0,
C:\UPOEngine\Src\UPOEngine\dump\RasterTech\lightclass.cpp,LightClass::GetSpecularPower(),2,2,2,1,0,0,0,0,
C:\UPOEngine\Src\UPOEngine\dump\RasterTech\lightshaderclass.cpp,LightShaderClass::LightShaderClass(),7,7,7,0,0,0,0,0,
C:\UPOEngine\Src\UPOEngine\dump\RasterTech\lightshaderclass.cpp,LightShaderClass::LightShaderClass(const LightShaderClass& other),1,1,1,0,0,0,0,0,
C:\UPOEngine\Src\UPOEngine\dump\RasterTech\lightshaderclass.cpp,LightShaderClass::~LightShaderClass(),1,1,1,0,0,0,0,0,
C:\UPOEngine\Src\UPOEngine\dump\RasterTech\lightshaderclass.cpp,"LightShaderClass::Initialize(ID3D11Device* device, HWND hwnd)",12,8,6,3,3,0,1,6,
C:\UPOEngine\Src\UPOEngine\dump\RasterTech\lightshaderclass.cpp,LightShaderClass::Shutdown(),5,3,3,0,1,0,1,12,
C:\UPOEngine\Src\UPOEngine\dump\RasterTech\lightshaderclass.cpp,"LightShaderClass::Render(ID3D11DeviceContext* deviceContext, int indexCount, D3DXMATRIX worldMatrix, D3DXMATRIX viewMatrix, D3DXMATRIX projectionMatrix, ID3D11ShaderResourceView* texture, D3DXVECTOR3 lightDirection, D3DXVECTOR4 ambientColor, D3DXVECTOR4 diffuseColor, D3DXVECTOR3 cameraPosition, D3DXVECTOR4 specularColor, float specularPower)",16,10,7,3,4,0,2,18,
C:\UPOEngine\Src\UPOEngine\dump\RasterTech\lightshaderclass.cpp,"LightShaderClass::InitializeShader(ID3D11Device* device, HWND hwnd, WCHAR* vsFilename, WCHAR* psFilename)",181,136,107,21,22,0,23,277,
C:\UPOEngine\Src\UPOEngine\dump\RasterTech\lightshaderclass.cpp,LightShaderClass::ShutdownShader(),51,37,23,7,7,0,7,30,
C:\UPOEngine\Src\UPOEngine\dump\RasterTech\lightshaderclass.cpp,"LightShaderClass::OutputShaderErrorMessage(ID3D10Blob* errorMessage, HWND hwnd, WCHAR* shaderFilename)",32,16,14,1,9,0,7,55,
C:\UPOEngine\Src\UPOEngine\dump\RasterTech\lightshaderclass.cpp,"LightShaderClass::SetShaderParameters(ID3D11DeviceContext* deviceContext, D3DXMATRIX worldMatrix, D3DXMATRIX viewMatrix, D3DXMATRIX projectionMatrix, ID3D11ShaderResourceView* texture, D3DXVECTOR3 lightDirection, D3DXVECTOR4 ambientColor, D3DXVECTOR4 diffuseColor, D3DXVECTOR3 cameraPosition, D3DXVECTOR4 specularColor, float specularPower)",85,47,42,7,18,0,20,191,
C:\UPOEngine\Src\UPOEngine\dump\RasterTech\lightshaderclass.cpp,"LightShaderClass::RenderShader(ID3D11DeviceContext* deviceContext, int indexCount)",15,7,7,0,4,0,4,30,
C:\UPOEngine\Src\UPOEngine\dump\RasterTech\modelclass.cpp,ModelClass::ModelClass(),5,5,5,0,0,0,0,0,
C:\UPOEngine\Src\UPOEngine\dump\RasterTech\modelclass.cpp,ModelClass::ModelClass(const ModelClass& other),1,1,1,0,0,0,0,0,
C:\UPOEngine\Src\UPOEngine\dump\RasterTech\modelclass.cpp,ModelClass::~ModelClass(),1,1,1,0,0,0,0,0,
C:\UPOEngine\Src\UPOEngine\dump\RasterTech\modelclass.cpp,"ModelClass::Initialize(ID3D11Device* device, char* modelFilename, WCHAR* textureFilename)",26,18,12,7,5,0,3,17,
C:\UPOEngine\Src\UPOEngine\dump\RasterTech\modelclass.cpp,ModelClass::Shutdown(),11,5,5,0,3,0,3,14,
C:\UPOEngine\Src\UPOEngine\dump\RasterTech\modelclass.cpp,ModelClass::Render(ID3D11DeviceContext* deviceContext),5,3,3,0,1,0,1,15,
C:\UPOEngine\Src\UPOEngine\dump\RasterTech\modelclass.cpp,ModelClass::GetIndexCount(),2,2,2,1,0,0,0,0,
C:\UPOEngine\Src\UPOEngine\dump\RasterTech\modelclass.cpp,ModelClass::GetTexture(),2,2,2,1,0,0,0,0,
C:\UPOEngine\Src\UPOEngine\dump\RasterTech\modelclass.cpp,ModelClass::InitializeBuffers(ID3D11Device* device),169,133,110,20,26,1,10,80,
C:\UPOEngine\Src\UPOEngine\dump\RasterTech\modelclass.cpp,ModelClass::ShutdownBuffers(),18,4,4,2,1,0,13,23,
C:\UPOEngine\Src\UPOEngine\dump\RasterTech\modelclass.cpp,ModelClass::RenderBuffers(ID3D11DeviceContext* deviceContext),21,5,5,0,1,0,15,88,
C:\UPOEngine\Src\UPOEngine\dump\RasterTech\modelclass.cpp,"ModelClass::LoadTexture(ID3D11Device* device, WCHAR* filename)",19,13,9,5,4,0,2,8,
C:\UPOEngine\Src\UPOEngine\dump\RasterTech\modelclass.cpp,ModelClass::ReleaseTexture(),10,8,6,1,1,0,1,4,
C:\UPOEngine\Src\UPOEngine\dump\RasterTech\modelclass.cpp,ModelClass::LoadModel(char* filename),3,2,2,1,1,0,0,0,
C:\UPOEngine\Src\UPOEngine\dump\RasterTech\modelclass.cpp,ModelClass::ReleaseModel(),8,7,5,1,1,0,0,0,
C:\UPOEngine\Src\UPOEngine\dump\RasterTech\systemclass.cpp,SystemClass::SystemClass(),3,3,3,0,0,0,0,0,
C:\UPOEngine\Src\UPOEngine\dump\RasterTech\systemclass.cpp,SystemClass::SystemClass(const SystemClass& other),1,1,1,0,0,0,0,0,
C:\UPOEngine\Src\UPOEngine\dump\RasterTech\systemclass.cpp,SystemClass::~SystemClass(),1,1,1,0,0,0,0,0,
C:\UPOEngine\Src\UPOEngine\dump\RasterTech\systemclass.cpp,SystemClass::Initialize(),32,18,15,5,8,0,6,62,
C:\UPOEngine\Src\UPOEngine\dump\RasterTech\systemclass.cpp,SystemClass::Shutdown(),20,14,10,2,3,0,3,11,
C:\UPOEngine\Src\UPOEngine\dump\RasterTech\systemclass.cpp,SystemClass::Run(),37,26,16,4,6,0,5,36,
C:\UPOEngine\Src\UPOEngine\dump\RasterTech\systemclass.cpp,SystemClass::Frame(),18,13,9,5,3,0,2,20,
C:\UPOEngine\Src\UPOEngine\dump\RasterTech\systemclass.cpp,"SystemClass::MessageHandler(HWND hwnd, UINT umsg, WPARAM wparam, LPARAM lparam)",29,23,13,5,1,0,5,75,
C:\UPOEngine\Src\UPOEngine\dump\RasterTech\systemclass.cpp,"SystemClass::InitializeWindows(int& screenWidth, int& screenHeight)",76,47,41,1,14,0,15,134,
C:\UPOEngine\Src\UPOEngine\dump\RasterTech\systemclass.cpp,SystemClass::ShutdownWindows(),22,12,10,1,5,0,5,26,
C:\UPOEngine\Src\UPOEngine\dump\RasterTech\systemclass.cpp,"WndProc(HWND hwnd, UINT umessage, WPARAM wparam, LPARAM lparam)",23,18,10,4,2,0,3,26,
C:\UPOEngine\Src\UPOEngine\dump\RasterTech\textureclass.cpp,TextureClass::TextureClass(),2,2,2,0,0,0,0,0,
C:\UPOEngine\Src\UPOEngine\dump\RasterTech\textureclass.cpp,TextureClass::TextureClass(const TextureClass& other),1,1,1,0,0,0,0,0,
C:\UPOEngine\Src\UPOEngine\dump\RasterTech\textureclass.cpp,TextureClass::~TextureClass(),1,1,1,0,0,0,0,0,
C:\UPOEngine\Src\UPOEngine\dump\RasterTech\textureclass.cpp,"TextureClass::Initialize(ID3D11Device* device, WCHAR* filename)",12,8,6,3,3,0,1,4,
C:\UPOEngine\Src\UPOEngine\dump\RasterTech\textureclass.cpp,TextureClass::Shutdown(),9,7,5,1,1,0,1,4,
C:\UPOEngine\Src\UPOEngine\dump\RasterTech\textureclass.cpp,TextureClass::GetTexture(),2,2,2,1,0,0,0,0,
C:\UPOEngine\Src\UPOEngine\Engine\UAsset.cpp,Asset::PostLoad(),3,3,3,0,0,0,0,0,
C:\UPOEngine\Src\UPOEngine\Engine\UAsset.cpp,Asset::GetName() const,2,2,2,1,0,0,0,0,
C:\UPOEngine\Src\UPOEngine\Engine\UAsset.cpp,Asset::GetID() const,2,2,2,1,0,0,0,0,
C:\UPOEngine\Src\UPOEngine\Engine\UAsset.cpp,Asset::Save(),13,12,8,1,1,0,0,0,
C:\UPOEngine\Src\UPOEngine\Engine\UAsset.cpp,AssetID::GetNewID(),11,7,7,2,4,0,0,0,
C:\UPOEngine\Src\UPOEngine\Engine\UAsset.cpp,AssetID::MetaSerialize(Stream& stream),2,2,2,0,0,0,0,0,
C:\UPOEngine\Src\UPOEngine\Engine\UAssetSys.cpp,"AssetNameToRelativePath(Name assetName, String& out)",2,2,2,0,0,0,0,0,
C:\UPOEngine\Src\UPOEngine\Engine\UAssetSys.cpp,"ReadAssetHeader(Stream& assetFile, AssetID* outID = nullptr, Name* outClassName = nullptr)",23,17,15,6,6,0,0,0,
C:\UPOEngine\Src\UPOEngine\Engine\UAssetSys.cpp,"WriteAssetHeader(Stream& assetFile, AssetID id, Name className)",9,7,7,1,2,0,0,0,
C:\UPOEngine\Src\UPOEngine\Engine\UAssetSys.cpp,AssetSys::Get(),3,3,3,1,0,0,0,0,
C:\UPOEngine\Src\UPOEngine\Engine\UAssetSys.cpp,AssetSys::AssetSys(),3,3,3,0,0,0,0,0,
C:\UPOEngine\Src\UPOEngine\Engine\UAssetSys.cpp,AssetSys::~AssetSys(),2,1,1,0,1,0,0,0,
C:\UPOEngine\Src\UPOEngine\Engine\UAssetSys.cpp,"AssetSys::CreateAsset(const ClassInfo* assetClass, Name assetName)",39,29,23,7,10,0,0,0,
C:\UPOEngine\Src\UPOEngine\Engine\UAssetSys.cpp,"AssetSys::LoadAsset(Name nanme, World* owner)",7,7,5,3,0,0,0,0,
C:\UPOEngine\Src\UPOEngine\Engine\UAssetSys.cpp,AssetSys::FindLoadedAsset(Name assetName),3,3,3,2,0,0,0,0,
C:\UPOEngine\Src\UPOEngine\Engine\UAssetSys.cpp,AssetSys::FindLoadedAsset(AssetID assetID),3,3,3,2,0,0,0,0,
C:\UPOEngine\Src\UPOEngine\Engine\UAssetSys.cpp,AssetSys::FindAsset(Name name),6,6,4,3,0,0,0,0,
C:\UPOEngine\Src\UPOEngine\Engine\UAssetSys.cpp,AssetSys::FindAsset(AssetID id),6,6,4,3,0,0,0,0,
C:\UPOEngine\Src\UPOEngine\Engine\UAssetSys.cpp,AssetSys::CollectAssetsInContent(),23,19,15,2,4,0,0,0,
C:\UPOEngine\Src\UPOEngine\Engine\UAssetSys.cpp,"AssetSys::CheckFile(const String& filename, AssetID* outAssetID, Name* outClassName) const",6,4,4,2,2,0,0,0,
C:\UPOEngine\Src\UPOEngine\Engine\UAssetSys.cpp,AssetEntry::OpenStreamForLoading(),14,10,9,4,3,0,1,5,
C:\UPOEngine\Src\UPOEngine\Engine\UAssetSys.cpp,AssetEntry::OpenStreamForSaving(),13,10,9,4,3,0,0,0,
C:\UPOEngine\Src\UPOEngine\Engine\UAssetSys.cpp,AssetEntry::CloseStream(),6,6,4,1,0,0,0,0,
C:\UPOEngine\Src\UPOEngine\Engine\UAssetSys.cpp,AssetEntry::LoadNow(World* owner),41,34,24,8,7,1,0,2,
C:\UPOEngine\Src\UPOEngine\Engine\UComponent.cpp,Component::Component(),10,6,6,0,4,0,0,0,
C:\UPOEngine\Src\UPOEngine\Engine\UComponent.cpp,Component::GetParent() const,2,2,2,1,0,0,0,0,
C:\UPOEngine\Src\UPOEngine\Engine\UComponent.cpp,Component::GetChild(unsigned index) const,9,8,6,3,1,0,0,0,
C:\UPOEngine\Src\UPOEngine\Engine\UComponent.cpp,Component::AttachTo(Component* newParent),30,26,15,6,4,2,0,5,
C:\UPOEngine\Src\UPOEngine\Engine\UComponent.cpp,Component::IsSubsetOf(Component* parent) const,10,9,7,3,1,0,0,0,
C:\UPOEngine\Src\UPOEngine\Engine\UComponent.cpp,Component::RemoveChildFromList(Component* child),29,28,18,4,1,1,0,7,
C:\UPOEngine\Src\UPOEngine\Engine\UComponent.cpp,Component::AddChildToList(Component* child),16,15,11,1,1,0,0,0,
C:\UPOEngine\Src\UPOEngine\Engine\UComponent.cpp,Component::Tick(),7,6,5,1,1,0,0,0,
C:\UPOEngine\Src\UPOEngine\Engine\UComponent.cpp,Component::RegisterToWorld(World* world),3,3,3,0,0,0,0,0,
C:\UPOEngine\Src\UPOEngine\Engine\UComponent.cpp,Component::OnParentChanged(),2,2,2,0,0,0,0,0,
C:\UPOEngine\Src\UPOEngine\Engine\UComponent.cpp,Component::Destroy(),3,3,3,0,0,0,0,0,
C:\UPOEngine\Src\UPOEngine\Engine\UComponent.cpp,Component::Destroy_Pass0(),7,7,5,1,0,0,0,0,
C:\UPOEngine\Src\UPOEngine\Engine\UComponent.cpp,Component::Destroy_Pass1(),14,11,8,2,3,0,0,0,
C:\UPOEngine\Src\UPOEngine\Engine\UComponent.cpp,Component::NumChild() const,2,2,2,1,0,0,0,0,
C:\UPOEngine\Src\UPOEngine\Engine\UEngine.cpp,Engine::Engine(),2,1,1,0,1,0,0,0,
C:\UPOEngine\Src\UPOEngine\Engine\UEngine.cpp,Engine::~Engine(),2,1,1,0,1,0,0,0,
C:\UPOEngine\Src\UPOEngine\Engine\UEngine.cpp,Engine::Run(),19,13,11,3,6,0,0,0,
C:\UPOEngine\Src\UPOEngine\Engine\UEngine.cpp,Engine::Init(),11,8,8,0,3,0,0,0,
C:\UPOEngine\Src\UPOEngine\Engine\UEngine.cpp,Engine::Release(),5,4,4,3,1,0,0,0,
C:\UPOEngine\Src\UPOEngine\Engine\UEngine.cpp,Engine::GTTick(),11,8,6,2,3,0,0,0,
C:\UPOEngine\Src\UPOEngine\Engine\UEngine.cpp,Engine::RTTick(),2,2,2,1,0,0,0,0,
C:\UPOEngine\Src\UPOEngine\Engine\UEngine.cpp,Engine::InitWorld(),13,9,9,0,4,0,0,0,
C:\UPOEngine\Src\UPOEngine\Engine\UEngine.cpp,Engine::Get(),3,3,3,1,0,0,0,0,
C:\UPOEngine\Src\UPOEngine\Engine\UEntity.cpp,Entity::Entity(),10,6,6,0,4,0,0,0,
C:\UPOEngine\Src\UPOEngine\Engine\UEntity.cpp,Entity::GetParent() const,2,2,2,1,0,0,0,0,
C:\UPOEngine\Src\UPOEngine\Engine\UEntity.cpp,Entity::GetChild(unsigned index) const,9,8,6,3,1,0,0,0,
C:\UPOEngine\Src\UPOEngine\Engine\UEntity.cpp,Entity::AttachTo(Entity* newParent),33,29,16,7,4,2,0,5,
C:\UPOEngine\Src\UPOEngine\Engine\UEntity.cpp,Entity::IsSubsetOf(Entity* parent) const,10,9,7,3,1,0,0,0,
C:\UPOEngine\Src\UPOEngine\Engine\UEntity.cpp,Entity::RemoveChildFromList(Entity* child),35,33,20,4,2,1,0,7,
C:\UPOEngine\Src\UPOEngine\Engine\UEntity.cpp,Entity::AddChildToList(Entity* child),21,19,12,1,2,0,0,0,
C:\UPOEngine\Src\UPOEngine\Engine\UEntity.cpp,Entity::Tick(),7,6,5,1,1,0,0,0,
C:\UPOEngine\Src\UPOEngine\Engine\UEntity.cpp,"Entity::Init(Entity* parent, World* world)",10,8,6,1,2,0,0,0,
C:\UPOEngine\Src\UPOEngine\Engine\UEntity.cpp,Entity::RegisterToWorld(World* world),3,3,3,0,0,0,0,0,
C:\UPOEngine\Src\UPOEngine\Engine\UEntity.cpp,Entity::OnParentChanged(),2,2,2,0,0,0,0,0,
C:\UPOEngine\Src\UPOEngine\Engine\UEntity.cpp,Entity::Destroy(),15,11,8,2,1,0,3,19,
C:\UPOEngine\Src\UPOEngine\Engine\UEntity.cpp,Entity::Destroy_Pass0(),8,8,6,1,0,0,0,0,
C:\UPOEngine\Src\UPOEngine\Engine\UEntity.cpp,Entity::Destroy_Pass1(),14,11,8,2,3,0,0,0,
C:\UPOEngine\Src\UPOEngine\Engine\UEntity.cpp,Entity::NumChild() const,6,6,3,2,0,0,0,0,
C:\UPOEngine\Src\UPOEngine\Engine\UGameWindow.cpp,GameWindow::New(),2,2,2,1,0,0,0,0,
C:\UPOEngine\Src\UPOEngine\Engine\UGameWindow.cpp,GameWindow::Delete(GameWindow* gw),2,2,2,0,0,0,0,0,
C:\UPOEngine\Src\UPOEngine\Engine\UGameWindow.cpp,"WNDProc(HWND hwnd, UINT umsg, WPARAM wparam, LPARAM lparam)",18,15,9,4,1,0,2,14,
C:\UPOEngine\Src\UPOEngine\Engine\UInput.cpp,Input::IsKeyDown(int key),2,2,2,1,0,0,0,0,
C:\UPOEngine\Src\UPOEngine\Engine\UInput.cpp,Input::IsKeyPressed(int key),2,2,2,1,0,0,0,0,
C:\UPOEngine\Src\UPOEngine\Engine\UInput.cpp,Input::IsKeyReleased(int key),2,2,2,1,0,0,0,0,
C:\UPOEngine\Src\UPOEngine\Engine\UInput.cpp,"Input::SetKeyState(int key, bool down)",2,2,2,0,0,0,0,0,
C:\UPOEngine\Src\UPOEngine\Engine\UInput.cpp,Input::SetMouseWheelDelta(int value),2,2,2,0,0,0,0,0,
C:\UPOEngine\Src\UPOEngine\Engine\UInput.cpp,"Input::SetMousePos(int x, int y)",3,3,3,0,0,0,0,0,
C:\UPOEngine\Src\UPOEngine\Engine\UInput.cpp,Input::Tick(),2,2,2,0,0,0,0,0,
C:\UPOEngine\Src\UPOEngine\Engine\UInput.cpp,"Input::GetMousePosition(int& outX, int& outY)",3,3,3,0,0,0,0,0,
C:\UPOEngine\Src\UPOEngine\Engine\UInput.cpp,"Input::GetMouseVelocity(int& outX, int& outY)",3,3,3,0,0,0,0,0,
C:\UPOEngine\Src\UPOEngine\Engine\UInput.cpp,Input::GetMouseWheelDelta(),2,2,2,1,0,0,0,0,
C:\UPOEngine\Src\UPOEngine\Engine\UInput.cpp,Input::IsMouseDown(EMouseButton btn),2,2,2,1,0,0,0,0,
C:\UPOEngine\Src\UPOEngine\Engine\UInput.cpp,Input::IsMousePressed(EMouseButton btn),2,2,2,1,0,0,0,0,
C:\UPOEngine\Src\UPOEngine\Engine\UInput.cpp,Input::IsMouseReleased(EMouseButton btn),2,2,2,1,0,0,0,0,
C:\UPOEngine\Src\UPOEngine\Engine\UInput.cpp,"Input::SetMouseState(EMouseButton btn, bool down)",2,2,2,0,0,0,0,0,
C:\UPOEngine\Src\UPOEngine\Engine\USMesh.cpp,FromAssimp(const aiVector2D& in),2,2,2,1,0,0,0,0,
C:\UPOEngine\Src\UPOEngine\Engine\USMesh.cpp,FromAssimp(const aiVector3D& in),2,2,2,1,0,0,0,0,
C:\UPOEngine\Src\UPOEngine\Engine\USMesh.cpp,StaticMesh::OnInit(),8,8,6,1,0,0,0,0,
C:\UPOEngine\Src\UPOEngine\Engine\USMesh.cpp,StaticMesh::OnInitRS(),2,1,1,0,1,0,0,0,
C:\UPOEngine\Src\UPOEngine\Engine\USMesh.cpp,StaticMesh::OnRelease(),2,1,1,0,1,0,0,0,
C:\UPOEngine\Src\UPOEngine\Engine\USMesh.cpp,StaticMesh::OnReleaseRS(),2,1,1,0,1,0,0,0,
C:\UPOEngine\Src\UPOEngine\Engine\UTestAsset.cpp,ATest::ATest(),3,3,3,0,0,0,0,0,
C:\UPOEngine\Src\UPOEngine\Engine\UTestAsset.cpp,ATest::~ATest(),2,2,2,0,0,0,0,0,
C:\UPOEngine\Src\UPOEngine\Engine\UTestAsset.cpp,ATest::OnInit(),2,2,2,0,0,0,0,0,
C:\UPOEngine\Src\UPOEngine\Engine\UTestAsset.cpp,ATest::OnInitRS(),2,2,2,0,0,0,0,0,
C:\UPOEngine\Src\UPOEngine\Engine\UTestAsset.cpp,ATest::OnRelease(),2,2,2,0,0,0,0,0,
C:\UPOEngine\Src\UPOEngine\Engine\UTestAsset.cpp,ATest::OnReleaseRS(),2,2,2,0,0,0,0,0,
C:\UPOEngine\Src\UPOEngine\Engine\UWorld.cpp,World::CreateEntity(EntityCreationParam& param),18,15,11,4,3,0,0,0,
C:\UPOEngine\Src\UPOEngine\Engine\UWorld.cpp,World::SingleTick(WorldTickResult& result),32,26,18,3,5,0,1,2,
C:\UPOEngine\Src\UPOEngine\Engine\UWorld.cpp,World::PerformBeginPlay(),14,14,8,3,0,0,0,0,
C:\UPOEngine\Src\UPOEngine\Engine\UWorld.cpp,World::PerformEndPlay(),14,14,8,3,0,0,0,0,
C:\UPOEngine\Src\UPOEngine\Engine\UWorld.cpp,World::PerformTick(),8,8,5,2,0,0,0,0,
C:\UPOEngine\Src\UPOEngine\Engine\UWorld.cpp,World::KillDestroyedEntities(),15,15,9,4,0,0,0,0,
C:\UPOEngine\Src\UPOEngine\Engine\UWorld.cpp,World::PushToLimbo(Entity* deadEntity),3,3,3,0,0,0,0,0,
C:\UPOEngine\Src\UPOEngine\Engine\UWorld.cpp,World::SetPlaying(bool playing),14,13,9,2,1,0,0,0,
C:\UPOEngine\Src\UPOEngine\Engine\UWorld.cpp,World::AddEntityToList(Entity* ent),2,2,2,0,0,0,0,0,
C:\UPOEngine\Src\UPOEngine\GFX\UPrimitiveDrawer.cpp,"PrimitiveDrawer::DrawLine(const Vec3& p0, const Vec3& p1, Color32 color)",10,7,7,1,3,0,0,0,
C:\UPOEngine\Src\UPOEngine\GFX\UPrimitiveDrawer.cpp,PrimitiveDrawer::Init(Renderer* renderer),21,17,14,2,4,0,0,0,
C:\UPOEngine\Src\UPOEngine\GFX\UPrimitiveDrawer.cpp,PrimitiveDrawer::Release(),14,11,11,4,3,0,0,0,
C:\UPOEngine\Src\UPOEngine\GFX\UPrimitiveDrawer.cpp,PrimitiveDrawer::Frame(),14,11,11,0,3,0,0,0,
C:\UPOEngine\Src\UPOEngine\GFX\UPrimitiveDrawer.cpp,PrimitiveDrawer::Test(),4,4,4,0,0,0,0,0,
C:\UPOEngine\Src\UPOEngine\GFX\URenderer.cpp,Renderer::New(),2,2,2,1,0,0,0,0,
C:\UPOEngine\Src\UPOEngine\GFX\URenderer.cpp,Renderer::Delete(Renderer* renderer),2,2,2,0,0,0,0,0,
C:\UPOEngine\Src\UPOEngine\GFX\UScreenDrawer.cpp,ScreenDrawer::ScreenDrawer(Renderer* rdr),46,36,33,0,8,0,2,4,
C:\UPOEngine\Src\UPOEngine\GFX\UScreenDrawer.cpp,ScreenDrawer::~ScreenDrawer(),2,1,1,0,1,0,0,0,
C:\UPOEngine\Src\UPOEngine\GFX\UScreenDrawer.cpp,"ScreenDrawer::DrawTexture(GFXTexture2D* texture, Vec2 pos, Vec2 size, Color color, Vec2 uvTopLeft, Vec2 uvRightBottom)",52,40,40,0,6,0,6,6,
C:\UPOEngine\Src\UPOEngine\GFX\UScreenDrawer.cpp,ScreenDrawer::Present(),1,1,1,0,0,0,0,0,
C:\UPOEngine\Src\UPOEngine\GFX\UTestQuad.cpp,TestQuadRE::TestQuadRE(Renderer* rdr),14,10,13,0,4,0,0,0,
C:\UPOEngine\Src\UPOEngine\GFX\UTestQuad.cpp,TestQuadRE::~TestQuadRE(),2,1,1,0,1,0,0,0,
C:\UPOEngine\Src\UPOEngine\GFX\UTestQuad.cpp,TestQuadRE::Present(),9,7,7,0,2,0,0,0,
C:\UPOEngine\Src\UPOEngine\GFXCore\UEditorContextDX.cpp,GFXEditorContextDX::Init(InitParam param),170,124,95,21,26,1,20,182,
C:\UPOEngine\Src\UPOEngine\GFXCore\UEditorContextDX.cpp,"GFXEditorContextDX::Resize(unsigned newW, unsigned newH)",60,36,30,7,14,0,10,90,
C:\UPOEngine\Src\UPOEngine\GFXCore\UEditorContextDX.cpp,GFXEditorContextDX::Release(),2,2,2,1,0,0,0,0,
C:\UPOEngine\Src\UPOEngine\GFXCore\UEditorContextDX.cpp,GFXEditorContextDX::PresentSwapChain(),13,10,6,2,1,0,2,10,
C:\UPOEngine\Src\UPOEngine\GFXCore\UEditorContextDX.cpp,GFXEditorContextDX::GetBackBuffer(),2,2,2,1,0,0,0,0,
C:\UPOEngine\Src\UPOEngine\GFXCore\UGFXContext.cpp,GFXContext::New(),2,2,2,1,0,0,0,0,
C:\UPOEngine\Src\UPOEngine\GFXCore\UGFXContext.cpp,GFXContext::Delete(GFXContext* ctx),2,2,2,0,0,0,0,0,
C:\UPOEngine\Src\UPOEngine\GFXCore\UGFXDeviceDX.cpp,"ShaderIncludeer::Open(D3D_INCLUDE_TYPE IncludeType, LPCSTR pFileName, LPCVOID pParentData, LPCVOID *ppData, UINT *pBytes)",19,18,14,3,1,0,0,0,
C:\UPOEngine\Src\UPOEngine\GFXCore\UGFXDeviceDX.cpp,ShaderIncludeer::Close(LPCVOID pData),3,3,3,2,0,0,0,0,
C:\UPOEngine\Src\UPOEngine\GFXCore\UGFXLauncherWin.cpp,GFXLauncherWin::Init(const InitParam& param),5,4,4,0,1,0,0,0,
C:\UPOEngine\Src\UPOEngine\GFXCore\UGFXLauncherWin.cpp,GFXLauncherWin::Shutdown(),4,3,3,0,1,0,0,0,
C:\UPOEngine\Src\UPOEngine\GFXCore\UGFXLauncherWin.cpp,GFXLauncherWin::InitWindow(),69,46,40,1,10,0,13,122,
C:\UPOEngine\Src\UPOEngine\GFXCore\UGFXLauncherWin.cpp,GFXLauncherWin::Run(),29,21,13,3,4,0,4,28,
C:\UPOEngine\Src\UPOEngine\GFXCore\UGFXLauncherWin.cpp,GFXLauncherWin::ShutdownWindow(),19,11,9,1,4,0,4,20,
C:\UPOEngine\Src\UPOEngine\GFXCore\UGFXLauncherWin.cpp,GFXLauncherWin::ShutdownDX(),40,35,23,8,4,0,1,1,
C:\UPOEngine\Src\UPOEngine\GFXCore\UGFXLauncherWin.cpp,GFXLauncherWin::Tick(),6,4,4,2,2,0,0,0,
C:\UPOEngine\Src\UPOEngine\GFXCore\UGFXLauncherWin.cpp,GFXLauncherWin::ClearBackBuffer(Color clearColor),2,2,2,0,0,0,0,0,
C:\UPOEngine\Src\UPOEngine\GFXCore\UGFXLauncherWin.cpp,GFXLauncherWin::SawpChainPresent(),11,9,5,1,0,0,2,10,
C:\UPOEngine\Src\UPOEngine\GFXCore\UGFXLauncherWin.cpp,GFXLauncherWin::SetCaption(const char* str),2,2,2,0,0,0,0,0,
C:\UPOEngine\Src\UPOEngine\GFXCore\UGFXLauncherWin.cpp,GFXLauncherWin::InitDX(),154,115,88,21,19,0,20,181,
C:\UPOEngine\Src\UPOEngine\GFXCore\UGFXLauncherWin.cpp,"GFXLauncherWin::MessageHandler(HWND hwnd, UINT umsg, WPARAM wparam, LPARAM lparam)",62,54,36,16,5,0,3,37,
C:\UPOEngine\Src\UPOEngine\GFXCore\UGFXLauncherWin.cpp,GFXLauncherWin::Get(),3,3,3,1,0,0,0,0,
C:\UPOEngine\Src\UPOEngine\GFXCore\UGFXLauncherWin.cpp,"GFXLauncherWin::WndProc(HWND hwnd, UINT umessage, WPARAM wparam, LPARAM lparam)",23,18,10,4,2,0,3,26,
C:\UPOEngine\Src\UPOEngine\GFXCore\UGFXDeviceDX.h,ShaderTypeToDXProfile(EShaderType type),11,11,6,4,0,0,0,0,
C:\UPOEngine\Src\UPOEngine\GFXCore\UGFXDeviceDX.h,ToDXType(EIndexBufferType in),7,7,5,1,0,0,0,0,
C:\UPOEngine\Src\UPOEngine\GFXCore\UGFXDeviceDX.h,ToDXType(EResourceUsage in),8,8,6,1,0,0,0,0,
C:\UPOEngine\Src\UPOEngine\GFXCore\UGFXDeviceDX.h,ToDXType(EPrimitiveTopology in),2,2,2,1,0,0,0,0,
C:\UPOEngine\Src\UPOEngine\GFXCore\UGFXDeviceDX.h,ToDXType(EPixelFormat in),2,2,2,1,0,0,0,0,
C:\UPOEngine\Src\UPOEngine\GFXCore\UGFXDeviceDX.h,ToDXType(EMapFlag in),2,2,2,1,0,0,0,0,
C:\UPOEngine\Src\UPOEngine\GFXCore\UGFXDeviceDX.h,ToDXType(EBlendElement in),2,2,2,1,0,0,0,0,
C:\UPOEngine\Src\UPOEngine\GFXCore\UGFXDeviceDX.h,ToDXType(EBlendOP in),2,2,2,1,0,0,0,0,
C:\UPOEngine\Src\UPOEngine\GFXCore\UGFXDeviceDX.h,ToDXType(EBlendColorWrite in),2,2,2,1,0,0,0,0,
C:\UPOEngine\Src\UPOEngine\GFXCore\UGFXDeviceGL.h,ToGLType(EMapFlag in),16,15,10,6,1,0,0,0,
C:\UPOEngine\Src\UPOEngine\GFXCore\UGFXDeviceGL.h,ToGLType(EPrimitiveTopology in),3,2,2,1,0,0,1,1,
C:\UPOEngine\Src\UPOEngine\Meta\UClassInfo.cpp,PropertyInfo::NeedBake() const,2,2,2,1,0,0,0,0,
C:\UPOEngine\Src\UPOEngine\Meta\UClassInfo.cpp,PropertyInfo::GetLegibleName() const,2,2,2,1,0,0,0,0,
C:\UPOEngine\Src\UPOEngine\Meta\UClassInfo.cpp,PropertyInfo::GetTypeSize() const,3,3,3,1,0,0,0,0,
C:\UPOEngine\Src\UPOEngine\Meta\UClassInfo.cpp,PropertyInfo::TemplateArgTypeSize() const,3,3,3,1,0,0,0,0,
C:\UPOEngine\Src\UPOEngine\Meta\UClassInfo.cpp,PropertyInfo::PrintLog(),2,2,2,0,0,0,0,0,
C:\UPOEngine\Src\UPOEngine\Meta\UClassInfo.cpp,PropertyInfo::Bake(),9,9,5,1,0,0,0,0,
C:\UPOEngine\Src\UPOEngine\Meta\UClassInfo.cpp,ClassInfo::Bake(),22,19,11,4,3,1,0,3,
C:\UPOEngine\Src\UPOEngine\Meta\UClassInfo.cpp,ClassInfo::NeedBake() const,9,9,5,6,0,0,0,0,
C:\UPOEngine\Src\UPOEngine\Meta\UClassInfo.cpp,ClassInfo::IsObject() const,2,2,2,1,0,0,0,0,
C:\UPOEngine\Src\UPOEngine\Meta\UClassInfo.cpp,ClassInfo::IsAsset() const,2,2,2,1,0,0,0,0,
C:\UPOEngine\Src\UPOEngine\Meta\UClassInfo.cpp,ClassInfo::IsBaseOf(const ClassInfo* base) const,10,9,7,4,1,0,0,0,
C:\UPOEngine\Src\UPOEngine\Meta\UClassInfo.cpp,ClassInfo::CallDefaultConstructor(void* object) const,4,4,4,0,0,0,0,0,
C:\UPOEngine\Src\UPOEngine\Meta\UClassInfo.cpp,ClassInfo::CallDestructor(void* object) const,4,4,4,0,0,0,0,0,
C:\UPOEngine\Src\UPOEngine\Meta\UClassInfo.cpp,"ClassInfo::CallMetaPropertyChanged(void* object, const PropertyInfo* prp) const",4,4,4,0,0,0,0,0,
C:\UPOEngine\Src\UPOEngine\Meta\UClassInfo.cpp,"ClassInfo::CallMetaSerialize(void* object, Stream& stream) const",4,4,4,0,0,0,0,0,
C:\UPOEngine\Src\UPOEngine\Meta\UClassInfo.cpp,ClassInfo::HasProperty(const PropertyInfo* prp) const,4,4,4,3,0,0,0,0,
C:\UPOEngine\Src\UPOEngine\Meta\UClassInfo.cpp,ClassInfo::GetRoot() const,7,7,5,2,0,0,0,0,
C:\UPOEngine\Src\UPOEngine\Meta\UClassInfo.cpp,ClassInfo::GetInheritedClasses(TArray<ClassInfo*>& outClasses) const,9,9,7,1,0,0,0,0,
C:\UPOEngine\Src\UPOEngine\Meta\UClassInfo.cpp,"ClassInfo::GetClassChain(SClassChain& out, bool reverse, bool includingThis) const",26,22,13,5,4,0,0,0,
C:\UPOEngine\Src\UPOEngine\Meta\UClassInfo.cpp,"ClassInfo::GetInvolvedClasses(TArray<ClassInfo*>& outClasses, bool subProperties, bool inheritedProperties, bool removeArrayFirst) const",27,21,14,6,6,0,0,0,
C:\UPOEngine\Src\UPOEngine\Meta\UClassInfo.cpp,"_GetPropertyChain(const ClassInfo* classToFind, const PropertyInfo* propertyToFind, SPropertyChain& out)",29,26,15,8,2,1,1,5,
C:\UPOEngine\Src\UPOEngine\Meta\UClassInfo.cpp,"ClassInfo::GetPropertyChain(const PropertyInfo* propertyToFind, SPropertyChain& out) const",4,4,4,2,0,0,0,0,
C:\UPOEngine\Src\UPOEngine\Meta\UClassInfo.cpp,ClassInfo::PrintLog(),11,11,9,1,0,0,0,0,
C:\UPOEngine\Src\UPOEngine\Meta\UClassInfo.cpp,"ClassInfo::FindPropertyByName(Name name, bool includingInheritedProperties) const",11,9,5,6,2,0,0,0,
C:\UPOEngine\Src\UPOEngine\Meta\UClassInfo.cpp,PropertyType_GetTypeSize(EPropertyType propertyType),22,22,20,2,0,2,0,12,
C:\UPOEngine\Src\UPOEngine\Meta\UClassInfo.cpp,PropertyType_IsArithmetic(EPropertyType propertyType),11,11,4,1,0,0,0,0,
C:\UPOEngine\Src\UPOEngine\Meta\UClassInfo.cpp,PropertyType_GetTypeInfo(EPropertyType propertyType),16,16,4,1,0,0,0,0,
C:\UPOEngine\Src\UPOEngine\Meta\UClassInfo.cpp,SPropertyChain::PerformMetaPropertyChanged(void* object),18,16,10,4,2,0,0,0,
C:\UPOEngine\Src\UPOEngine\Meta\UEnumInfo.cpp,EnumInfo::Make(ZZ_EnumRegParam* erp),2,1,1,0,1,0,0,0,
C:\UPOEngine\Src\UPOEngine\Meta\UEnumInfo.cpp,EnumInfo::GetElement(unsigned index) const,4,3,3,2,1,0,0,0,
C:\UPOEngine\Src\UPOEngine\Meta\UEnumInfo.cpp,EnumInfo::FindElement(const String& elementName) const,5,5,3,4,0,0,0,0,
C:\UPOEngine\Src\UPOEngine\Meta\UEnumInfo.cpp,EnumInfo::FindElement(unsigned value) const,5,5,3,4,0,0,0,0,
C:\UPOEngine\Src\UPOEngine\Meta\UEnumInfo.cpp,EnumInfo::PrintDbg(),8,8,6,1,0,0,0,0,
C:\UPOEngine\Src\UPOEngine\Meta\UEnumInfo.cpp,EnumElement::LegibleName() const,5,5,4,3,0,0,0,0,
C:\UPOEngine\Src\UPOEngine\Meta\UMeta.cpp,TestMyStruct::MetaPropertyChanged(const PropertyInfo* prp),2,2,2,0,0,0,0,0,
C:\UPOEngine\Src\UPOEngine\Meta\UMeta.cpp,TestMyStruct2::MetaPropertyChanged(const PropertyInfo* prp),2,2,2,0,0,0,0,0,
C:\UPOEngine\Src\UPOEngine\Meta\UMeta.cpp,TestMetaClass::SetZero(),2,2,2,0,0,0,0,0,
C:\UPOEngine\Src\UPOEngine\Meta\UMeta.cpp,TestMetaClass::SetValues(),31,28,32,0,3,1,0,10,
C:\UPOEngine\Src\UPOEngine\Meta\UMeta.cpp,TestMetaClass::Print(),41,38,26,3,3,0,0,0,
C:\UPOEngine\Src\UPOEngine\Meta\UMeta.cpp,TestMetaClass::MetaPropertyChanged(const PropertyInfo* prp),2,2,2,0,0,0,0,0,
C:\UPOEngine\Src\UPOEngine\Meta\UMetaSys.cpp,MetaSys::Get(),3,3,3,1,0,0,0,0,
C:\UPOEngine\Src\UPOEngine\Meta\UMetaSys.cpp,MetaSys::RegisterCommonTypes(),59,44,26,0,15,0,0,0,
C:\UPOEngine\Src\UPOEngine\Meta\UMetaSys.cpp,MetaSys::MetaSys(),2,2,2,0,0,0,0,0,
C:\UPOEngine\Src\UPOEngine\Meta\UMetaSys.cpp,"MetaSys::RegClass(ZZ_ClassRegParam* crp, ClassInfo* outClass)",55,38,34,4,12,0,5,11,
C:\UPOEngine\Src\UPOEngine\Meta\UMetaSys.cpp,"MetaSys::RegProperty(ZZ_PropertyRegParam* regParam, ClassInfo* owner, PropertyInfo* prp)",18,17,13,1,1,0,0,0,
C:\UPOEngine\Src\UPOEngine\Meta\UMetaSys.cpp,MetaSys::UnregClass(ClassInfo* registeredClass),17,15,10,5,1,0,1,8,
C:\UPOEngine\Src\UPOEngine\Meta\UMetaSys.cpp,"MetaSys::RegEnum(ZZ_EnumRegParam* erp, EnumInfo* outEnum)",43,32,29,4,6,0,5,6,
C:\UPOEngine\Src\UPOEngine\Meta\UMetaSys.cpp,MetaSys::UnregEnum(EnumInfo* registeredEnum),12,12,8,4,0,0,0,0,
C:\UPOEngine\Src\UPOEngine\Meta\UMetaSys.cpp,MetaSys::FindType(Name name) const,7,7,4,4,0,0,0,0,
C:\UPOEngine\Src\UPOEngine\Meta\UMetaSys.cpp,MetaSys::FindClass(Name name) const,4,4,4,2,0,0,0,0,
C:\UPOEngine\Src\UPOEngine\Meta\UMetaSys.cpp,MetaSys::FinEnum(Name name) const,4,4,4,2,0,0,0,0,
C:\UPOEngine\Src\UPOEngine\Meta\UMetaSys.cpp,MetaSys::RebakeTypes(),8,8,5,3,0,0,0,0,
C:\UPOEngine\Src\UPOEngine\Meta\UMetaSys.cpp,MetaSys::~MetaSys(),2,1,1,0,1,0,0,0,
C:\UPOEngine\Src\UPOEngine\Meta\UTypeInfo.cpp,"AttribPack::AttribPack(Attrib a0, Attrib a1, Attrib a2, Attrib a3, Attrib a4, Attrib a5, Attrib a6, Attrib a7)",10,10,10,0,0,0,0,0,
C:\UPOEngine\Src\UPOEngine\Meta\UTypeInfo.cpp,"AttribPack::AttribPack(Attrib a0, Attrib a1, Attrib a2, Attrib a3, Attrib a4, Attrib a5, Attrib a6)",9,9,9,0,0,0,0,0,
C:\UPOEngine\Src\UPOEngine\Meta\UTypeInfo.cpp,"AttribPack::AttribPack(Attrib a0, Attrib a1, Attrib a2, Attrib a3, Attrib a4, Attrib a5)",8,8,8,0,0,0,0,0,
C:\UPOEngine\Src\UPOEngine\Meta\UTypeInfo.cpp,"AttribPack::AttribPack(Attrib a0, Attrib a1, Attrib a2, Attrib a3, Attrib a4)",7,7,7,0,0,0,0,0,
C:\UPOEngine\Src\UPOEngine\Meta\UTypeInfo.cpp,"AttribPack::AttribPack(Attrib a0, Attrib a1, Attrib a2, Attrib a3)",6,6,6,0,0,0,0,0,
C:\UPOEngine\Src\UPOEngine\Meta\UTypeInfo.cpp,"AttribPack::AttribPack(Attrib a0, Attrib a1, Attrib a2)",5,5,5,0,0,0,0,0,
C:\UPOEngine\Src\UPOEngine\Meta\UTypeInfo.cpp,"AttribPack::AttribPack(Attrib a0, Attrib a1)",4,4,4,0,0,0,0,0,
C:\UPOEngine\Src\UPOEngine\Meta\UTypeInfo.cpp,AttribPack::AttribPack(Attrib a0),3,3,3,0,0,0,0,0,
C:\UPOEngine\Src\UPOEngine\Meta\UTypeInfo.cpp,AttribPack::AttribPack(),2,2,2,0,0,0,0,0,
C:\UPOEngine\Src\UPOEngine\Meta\UTypeInfo.cpp,AttribPack::HasAttrib(EAtrribID id) const,4,4,3,3,0,0,0,0,
C:\UPOEngine\Src\UPOEngine\Meta\UTypeInfo.cpp,"AttribPack::GetAttrib(EAtrribID id, Attrib& out) const",10,10,6,4,0,0,0,0,
C:\UPOEngine\Src\UPOEngine\Meta\UTypeInfo.cpp,AttribPack::NumAttributes() const,2,2,2,1,0,0,0,0,
C:\UPOEngine\Src\UPOEngine\Meta\UEnumInfo.h,"UWELDINNER(ZZ_RegEnum, __COUNTER__)",23,23,5,0,0,1,0,2,
C:\UPOEngine\Src\UPOEngine\Object\UObject.cpp,Object::~Object(),8,8,6,1,0,0,0,0,
C:\UPOEngine\Src\UPOEngine\Object\UObject.cpp,Object::GetRefData(),6,6,4,2,0,0,0,0,
C:\UPOEngine\Src\UPOEngine\Object\UObject.cpp,Object::IsAsset() const,2,2,2,1,0,0,0,0,
C:\UPOEngine\Src\UPOEngine\Object\UObject.cpp,Object::IsEntity() const,2,2,2,1,0,0,0,0,
C:\UPOEngine\Src\UPOEngine\Object\UObjectArchive.cpp,"ObjectArchive::BeginWrite(Stream* out, String tag)",6,5,5,0,1,0,0,0,
C:\UPOEngine\Src\UPOEngine\Object\UObjectArchive.cpp,ObjectArchive::RegObject(Object* obj),2,2,2,0,0,0,0,0,
C:\UPOEngine\Src\UPOEngine\Object\UObjectArchive.cpp,ObjectArchive::EndReg(),15,12,8,2,2,0,1,8,
C:\UPOEngine\Src\UPOEngine\Object\UObjectArchive.cpp,ObjectArchive::EndWrite(),9,8,6,1,1,0,0,0,
C:\UPOEngine\Src\UPOEngine\Object\UObjectArchive.cpp,ObjectArchive::WriteHeader(),18,14,12,1,4,1,0,2,
C:\UPOEngine\Src\UPOEngine\Object\UObjectArchive.cpp,ObjectArchive::WriteAnObject(),7,7,5,1,0,0,0,0,
C:\UPOEngine\Src\UPOEngine\Object\UObjectArchive.cpp,"ObjectArchive::WriteClass(const ClassInfo* ci, void* object, Stream& stream)",19,14,12,1,5,0,0,0,
C:\UPOEngine\Src\UPOEngine\Object\UObjectArchive.cpp,"ObjectArchive::WriteAClassProperties(const ClassInfo* cls, void* object, Stream& stream)",28,22,16,3,6,0,0,0,
C:\UPOEngine\Src\UPOEngine\Object\UObjectArchive.cpp,"ObjectArchive::WriteClassProperty(const PropertyInfo* prp, void* pValue, Stream& stream)",40,36,17,7,4,0,0,0,
C:\UPOEngine\Src\UPOEngine\Object\UObjectArchive.cpp,"ObjectArchive::WritePropertyName(const PropertyInfo* prp, Stream& stream)",3,3,3,0,0,0,0,0,
C:\UPOEngine\Src\UPOEngine\Object\UObjectArchive.cpp,"ObjectArchive::WritePropertyType(const PropertyInfo* prp, Stream& stream)",3,3,3,0,0,0,0,0,
C:\UPOEngine\Src\UPOEngine\Object\UObjectArchive.cpp,"ObjectArchive::WritePrpTArray(const PropertyInfo* prp, void* ptr, Stream& stream)",44,40,20,7,4,0,0,0,
C:\UPOEngine\Src\UPOEngine\Object\UObjectArchive.cpp,"ObjectArchive::WritePrpObjectPointer(Object* pObject, Stream& stream)",27,22,8,3,2,2,3,11,
C:\UPOEngine\Src\UPOEngine\Object\UObjectArchive.cpp,ObjectArchive::ClassToIndex(const ClassInfo* ci) const,4,4,4,2,0,0,0,0,
C:\UPOEngine\Src\UPOEngine\Object\UObjectArchive.cpp,ObjectArchive::HasObjectInList(Object* obj) const,2,2,2,1,0,0,0,0,
C:\UPOEngine\Src\UPOEngine\Object\UObjectArchive.cpp,"ObjectArchive::Save(TArray<Object*>& inObjects, Stream* stream)",3,3,3,0,0,0,0,0,
C:\UPOEngine\Src\UPOEngine\Object\UObjectArchive.cpp,"ObjectArchive::Load(TArray<Object*>& outObjects, Stream* stream)",3,3,3,0,0,0,0,0,
C:\UPOEngine\Src\UPOEngine\Object\UObjectPtr.cpp,ObjectRefData::GetNew(Object* owner),5,5,5,1,0,0,0,0,
C:\UPOEngine\Src\UPOEngine\Object\UObjectPtr.cpp,ObjectRefData::Free(ObjectRefData* ptrData),2,2,2,0,0,0,0,0,
C:\UPOEngine\Src\UPOEngine\Object\UObjectSys.cpp,ObjectSys::NewObject(const ClassInfo* classInfo),10,7,7,1,3,0,0,0,
C:\UPOEngine\Src\UPOEngine\Object\UObjectSys.cpp,ObjectSys::DeleteObject(Object* object),6,5,5,0,1,0,0,0,
C:\UPOEngine\Src\UPOEngine\Object\UObjectSys.h,NewObject(const ClassInfo* classInfo),1,1,1,0,0,0,0,0,
C:\UPOEngine\Src\UPOEngine\Object\UObjectSys.h,DeleteObject(Object* object),1,1,1,0,0,0,0,0,
C:\UPOEngine\Src\UPOEngine\Object\UObjectSys.h,NewObject(),3,3,3,1,0,0,0,0,
C:\UPOEngine\Src\UPOEngine\Object\UObjectSys.h,NewObject(const ClassInfo* classInfo),3,3,3,1,0,0,0,0,
C:\UPOEngine\Src\UPOLauncher\main.cpp,"main(int argc, const char** argv)",3,3,3,1,0,0,0,0,
